	ERR11588428_R1_filtered.fastq.gz	ERR11588429_R1_filtered.fastq.gz	ERR11588430_R1_filtered.fastq.gz	ERR11588431_R1_filtered.fastq.gz	ERR11588432_R1_filtered.fastq.gz	ERR11588433_R1_filtered.fastq.gz	ERR11588434_R1_filtered.fastq.gz	ERR11588435_R1_filtered.fastq.gz	ERR11588436_R1_filtered.fastq.gz	ERR11588437_R1_filtered.fastq.gz
ASV_1	0	0	0	0	0	0	227	448	0	0
ASV_2	0	0	0	0	0	0	0	0	0	660
ASV_3	0	0	0	0	0	0	0	0	0	644
ASV_4	0	0	0	0	0	0	0	0	0	532
ASV_5	0	0	0	0	0	0	145	363	0	0
ASV_6	0	0	0	0	0	0	0	0	0	477
ASV_7	0	0	0	0	0	0	251	225	0	0
ASV_8	0	0	0	0	0	0	0	0	0	476
ASV_9	0	0	0	0	0	0	0	0	0	415
ASV_10	0	0	0	0	0	0	0	0	0	412
ASV_11	0	0	0	0	0	0	0	0	0	403
ASV_12	0	0	0	0	0	0	113	285	0	0
ASV_13	0	0	0	0	0	0	0	0	0	392
ASV_14	0	0	0	0	0	0	202	182	0	0
ASV_15	0	0	0	0	0	0	0	0	0	380
ASV_16	0	0	0	0	0	0	0	0	0	375
ASV_17	0	0	0	0	0	0	0	0	0	367
ASV_18	0	0	0	0	0	0	187	168	0	0
ASV_19	0	0	0	0	0	0	0	0	0	355
ASV_20	0	0	0	0	0	0	0	0	0	353
ASV_21	0	0	0	0	0	0	97	254	0	0
ASV_22	0	0	0	0	0	0	98	232	0	0
ASV_23	0	0	0	0	0	0	0	0	0	325
ASV_24	0	0	0	0	0	0	0	0	0	325
ASV_25	0	0	0	0	0	0	0	0	0	310
ASV_26	106	54	93	0	0	0	54	0	0	0
ASV_27	0	0	0	0	0	0	77	213	0	0
ASV_28	0	0	0	0	0	0	0	0	0	284
ASV_29	0	0	0	0	0	0	0	0	0	281
ASV_30	0	0	0	0	0	0	0	0	0	276
ASV_31	0	0	0	0	0	0	0	0	0	274
ASV_32	0	0	0	0	0	0	0	0	0	271
ASV_33	0	0	0	0	0	0	0	0	0	270
ASV_34	0	0	0	0	0	0	0	0	0	265
ASV_35	0	0	0	0	0	0	0	0	0	264
ASV_36	0	0	0	0	0	0	0	0	0	258
ASV_37	0	0	0	0	0	0	0	0	0	256
ASV_38	0	0	0	0	0	0	0	0	0	252
ASV_39	0	0	0	0	0	0	0	0	0	243
ASV_40	70	80	88	0	0	0	0	0	0	0
ASV_41	0	0	0	0	0	0	0	0	0	230
ASV_42	69	75	85	0	0	0	0	0	0	0
ASV_43	0	0	0	0	0	0	0	0	0	225
ASV_44	0	0	0	0	0	0	0	0	0	218
ASV_45	0	0	0	0	0	0	0	0	0	203
ASV_46	67	52	78	0	0	0	0	0	0	0
ASV_47	60	82	42	0	0	0	0	0	0	0
ASV_48	0	98	84	0	0	0	0	0	0	0
ASV_49	63	31	86	0	0	0	0	0	0	0
ASV_50	43	59	38	0	0	0	16	17	0	0
ASV_51	0	0	0	0	0	0	57	116	0	0
ASV_52	0	0	0	0	0	0	147	24	0	0
ASV_53	42	70	54	0	0	0	0	0	0	0
ASV_54	55	44	65	0	0	0	0	0	0	0
ASV_55	0	70	89	0	0	0	0	0	0	0
ASV_56	0	0	0	0	0	0	108	51	0	0
ASV_57	58	0	100	0	0	0	0	0	0	0
ASV_58	36	90	30	0	0	0	0	0	0	0
ASV_59	0	89	65	0	0	0	0	0	0	0
ASV_60	45	46	62	0	0	0	0	0	0	0
ASV_61	0	0	0	0	0	0	58	95	0	0
ASV_62	72	80	0	0	0	0	0	0	0	0
ASV_63	0	0	0	0	0	0	121	30	0	0
ASV_64	64	19	65	0	0	0	0	0	0	0
ASV_65	0	80	68	0	0	0	0	0	0	0
ASV_66	77	0	0	0	0	0	69	0	0	0
ASV_67	42	39	65	0	0	0	0	0	0	0
ASV_68	0	0	0	0	146	0	0	0	0	0
ASV_69	81	13	51	0	0	0	0	0	0	0
ASV_70	0	0	0	0	0	0	26	119	0	0
ASV_71	42	50	35	0	0	0	8	9	0	0
ASV_72	66	0	72	0	0	0	0	0	0	0
ASV_73	53	85	0	0	0	0	0	0	0	0
ASV_74	15	25	97	0	0	0	0	0	0	0
ASV_75	51	0	0	0	0	0	58	27	0	0
ASV_76	0	0	0	0	0	0	24	112	0	0
ASV_77	64	0	71	0	0	0	0	0	0	0
ASV_78	34	47	30	0	0	0	23	0	0	0
ASV_79	0	61	72	0	0	0	0	0	0	0
ASV_80	0	0	0	0	0	0	41	92	0	0
ASV_81	69	0	63	0	0	0	0	0	0	0
ASV_82	71	59	0	0	0	0	0	0	0	0
ASV_83	92	37	0	0	0	0	0	0	0	0
ASV_84	34	53	20	0	0	0	15	7	0	0
ASV_85	49	44	17	0	0	0	18	0	0	0
ASV_86	0	0	0	0	0	0	41	87	0	0
ASV_87	0	0	0	0	0	0	39	89	0	0
ASV_88	57	0	70	0	0	0	0	0	0	0
ASV_89	59	0	67	0	0	0	0	0	0	0
ASV_90	53	57	16	0	0	0	0	0	0	0
ASV_91	43	45	38	0	0	0	0	0	0	0
ASV_92	40	37	35	0	0	0	14	0	0	0
ASV_93	31	46	27	0	0	0	14	8	0	0
ASV_94	0	0	0	0	0	0	108	18	0	0
ASV_95	0	0	0	0	0	0	58	68	0	0
ASV_96	0	0	0	0	0	0	0	0	126	0
ASV_97	0	0	0	0	0	0	106	19	0	0
ASV_98	57	67	0	0	0	0	0	0	0	0
ASV_99	26	39	59	0	0	0	0	0	0	0
ASV_100	24	31	15	0	0	0	27	27	0	0
ASV_101	63	0	60	0	0	0	0	0	0	0
ASV_102	47	33	43	0	0	0	0	0	0	0
ASV_103	43	38	42	0	0	0	0	0	0	0
ASV_104	54	34	34	0	0	0	0	0	0	0
ASV_105	24	46	27	0	0	0	17	8	0	0
ASV_106	42	36	43	0	0	0	0	0	0	0
ASV_107	40	45	36	0	0	0	0	0	0	0
ASV_108	69	0	51	0	0	0	0	0	0	0
ASV_109	50	37	33	0	0	0	0	0	0	0
ASV_110	57	62	0	0	0	0	0	0	0	0
ASV_111	35	65	19	0	0	0	0	0	0	0
ASV_112	0	0	0	72	47	0	0	0	0	0
ASV_113	28	47	28	0	0	0	10	5	0	0
ASV_114	0	118	0	0	0	0	0	0	0	0
ASV_115	0	0	0	0	0	0	100	16	0	0
ASV_116	28	36	29	0	0	0	22	0	0	0
ASV_117	0	0	0	0	0	0	0	0	115	0
ASV_118	0	57	57	0	0	0	0	0	0	0
ASV_119	0	0	0	0	114	0	0	0	0	0
ASV_120	54	25	34	0	0	0	0	0	0	0
ASV_121	0	0	0	80	33	0	0	0	0	0
ASV_122	56	9	47	0	0	0	0	0	0	0
ASV_123	45	44	23	0	0	0	0	0	0	0
ASV_124	35	37	39	0	0	0	0	0	0	0
ASV_125	41	37	32	0	0	0	0	0	0	0
ASV_126	0	67	43	0	0	0	0	0	0	0
ASV_127	0	0	0	0	0	0	0	0	110	0
ASV_128	19	23	14	0	0	0	13	40	0	0
ASV_129	108	0	0	0	0	0	0	0	0	0
ASV_130	47	33	28	0	0	0	0	0	0	0
ASV_131	39	38	31	0	0	0	0	0	0	0
ASV_132	37	28	43	0	0	0	0	0	0	0
ASV_133	45	43	19	0	0	0	0	0	0	0
ASV_134	26	33	21	0	0	0	27	0	0	0
ASV_135	0	0	0	0	107	0	0	0	0	0
ASV_136	37	0	69	0	0	0	0	0	0	0
ASV_137	26	43	37	0	0	0	0	0	0	0
ASV_138	0	0	0	0	0	0	106	0	0	0
ASV_139	22	44	19	0	0	0	15	5	0	0
ASV_140	0	38	0	0	0	0	67	0	0	0
ASV_141	0	48	56	0	0	0	0	0	0	0
ASV_142	0	41	63	0	0	0	0	0	0	0
ASV_143	0	0	0	0	0	0	0	104	0	0
ASV_144	56	47	0	0	0	0	0	0	0	0
ASV_145	0	0	29	0	0	0	43	31	0	0
ASV_146	59	43	0	0	0	0	0	0	0	0
ASV_147	0	0	0	43	49	0	0	0	10	0
ASV_148	60	13	28	0	0	0	0	0	0	0
ASV_149	60	0	41	0	0	0	0	0	0	0
ASV_150	27	42	32	0	0	0	0	0	0	0
ASV_151	0	48	53	0	0	0	0	0	0	0
ASV_152	0	0	0	0	101	0	0	0	0	0
ASV_153	0	0	0	0	0	0	0	0	101	0
ASV_154	34	29	37	0	0	0	0	0	0	0
ASV_155	33	67	0	0	0	0	0	0	0	0
ASV_156	0	0	0	0	100	0	0	0	0	0
ASV_157	31	38	30	0	0	0	0	0	0	0
ASV_158	14	30	55	0	0	0	0	0	0	0
ASV_159	0	0	0	0	0	0	0	99	0	0
ASV_160	0	0	0	0	0	0	0	99	0	0
ASV_161	0	23	75	0	0	0	0	0	0	0
ASV_162	0	0	0	37	13	0	0	0	48	0
ASV_163	0	0	0	0	0	0	98	0	0	0
ASV_164	97	0	0	0	0	0	0	0	0	0
ASV_165	25	41	31	0	0	0	0	0	0	0
ASV_166	46	25	25	0	0	0	0	0	0	0
ASV_167	37	25	34	0	0	0	0	0	0	0
ASV_168	0	0	0	0	95	0	0	0	0	0
ASV_169	0	0	0	62	32	0	0	0	0	0
ASV_170	38	23	32	0	0	0	0	0	0	0
ASV_171	35	33	25	0	0	0	0	0	0	0
ASV_172	0	0	0	49	44	0	0	0	0	0
ASV_173	0	0	0	0	0	0	51	41	0	0
ASV_174	0	0	0	0	0	0	0	0	92	0
ASV_175	40	31	20	0	0	0	0	0	0	0
ASV_176	0	0	0	0	91	0	0	0	0	0
ASV_177	0	0	0	0	0	0	0	0	91	0
ASV_178	35	34	21	0	0	0	0	0	0	0
ASV_179	28	19	43	0	0	0	0	0	0	0
ASV_180	28	19	22	0	0	0	21	0	0	0
ASV_181	22	27	41	0	0	0	0	0	0	0
ASV_182	17	55	18	0	0	0	0	0	0	0
ASV_183	0	0	0	0	0	0	90	0	0	0
ASV_184	0	0	0	0	0	0	44	46	0	0
ASV_185	0	89	0	0	0	0	0	0	0	0
ASV_186	0	0	0	0	0	0	0	0	89	0
ASV_187	49	0	39	0	0	0	0	0	0	0
ASV_188	38	50	0	0	0	0	0	0	0	0
ASV_189	0	88	0	0	0	0	0	0	0	0
ASV_190	0	30	58	0	0	0	0	0	0	0
ASV_191	0	0	0	88	0	0	0	0	0	0
ASV_192	0	0	0	0	0	0	0	0	88	0
ASV_193	17	40	30	0	0	0	0	0	0	0
ASV_194	35	37	14	0	0	0	0	0	0	0
ASV_195	29	25	32	0	0	0	0	0	0	0
ASV_196	0	0	0	0	0	0	27	59	0	0
ASV_197	0	0	0	0	0	0	0	0	86	0
ASV_198	0	50	35	0	0	0	0	0	0	0
ASV_199	0	0	0	0	85	0	0	0	0	0
ASV_200	0	0	0	54	30	0	0	0	0	0
ASV_201	0	0	0	0	84	0	0	0	0	0
ASV_202	0	0	0	0	0	84	0	0	0	0
ASV_203	0	0	0	0	0	0	0	84	0	0
ASV_204	0	0	0	0	0	0	0	0	84	0
ASV_205	57	0	26	0	0	0	0	0	0	0
ASV_206	33	30	20	0	0	0	0	0	0	0
ASV_207	14	22	15	0	0	0	13	19	0	0
ASV_208	0	0	83	0	0	0	0	0	0	0
ASV_209	82	0	0	0	0	0	0	0	0	0
ASV_210	45	37	0	0	0	0	0	0	0	0
ASV_211	48	0	33	0	0	0	0	0	0	0
ASV_212	29	52	0	0	0	0	0	0	0	0
ASV_213	0	0	0	0	0	81	0	0	0	0
ASV_214	80	0	0	0	0	0	0	0	0	0
ASV_215	0	0	0	80	0	0	0	0	0	0
ASV_216	0	0	0	47	33	0	0	0	0	0
ASV_217	0	0	0	0	80	0	0	0	0	0
ASV_218	0	0	0	0	0	0	0	0	80	0
ASV_219	79	0	0	0	0	0	0	0	0	0
ASV_220	0	0	0	50	29	0	0	0	0	0
ASV_221	0	0	0	0	0	79	0	0	0	0
ASV_222	0	0	0	0	0	0	0	79	0	0
ASV_223	0	60	0	0	0	0	18	0	0	0
ASV_224	0	0	0	0	0	78	0	0	0	0
ASV_225	48	29	0	0	0	0	0	0	0	0
ASV_226	40	37	0	0	0	0	0	0	0	0
ASV_227	0	11	0	0	0	0	66	0	0	0
ASV_228	0	0	0	43	34	0	0	0	0	0
ASV_229	0	0	0	0	77	0	0	0	0	0
ASV_230	0	0	0	0	77	0	0	0	0	0
ASV_231	0	0	0	0	77	0	0	0	0	0
ASV_232	0	0	0	0	0	0	0	77	0	0
ASV_233	0	0	0	0	0	0	0	0	77	0
ASV_234	0	0	76	0	0	0	0	0	0	0
ASV_235	0	0	0	0	0	0	76	0	0	0
ASV_236	0	0	0	0	0	0	25	51	0	0
ASV_237	23	28	24	0	0	0	0	0	0	0
ASV_238	19	26	19	0	0	0	11	0	0	0
ASV_239	0	0	0	21	40	0	0	0	14	0
ASV_240	0	0	0	0	75	0	0	0	0	0
ASV_241	0	0	0	0	0	0	75	0	0	0
ASV_242	0	0	0	0	0	0	59	16	0	0
ASV_243	74	0	0	0	0	0	0	0	0	0
ASV_244	15	35	24	0	0	0	0	0	0	0
ASV_245	0	43	31	0	0	0	0	0	0	0
ASV_246	0	38	36	0	0	0	0	0	0	0
ASV_247	0	32	42	0	0	0	0	0	0	0
ASV_248	0	0	0	32	34	0	0	0	8	0
ASV_249	0	0	0	0	0	0	0	0	0	74
ASV_250	16	19	8	0	0	0	7	23	0	0
ASV_251	0	73	0	0	0	0	0	0	0	0
ASV_252	0	24	49	0	0	0	0	0	0	0
ASV_253	0	0	0	20	20	0	0	0	24	9
ASV_254	0	0	0	0	0	0	0	73	0	0
ASV_255	0	0	0	0	0	0	0	73	0	0
ASV_256	0	0	0	0	0	0	0	0	73	0
ASV_257	0	0	0	0	0	0	0	0	73	0
ASV_258	15	26	31	0	0	0	0	0	0	0
ASV_259	13	23	22	0	0	0	14	0	0	0
ASV_260	0	0	0	0	0	0	0	72	0	0
ASV_261	0	0	0	0	0	0	0	0	72	0
ASV_262	0	71	0	0	0	0	0	0	0	0
ASV_263	0	0	71	0	0	0	0	0	0	0
ASV_264	0	0	0	0	0	0	0	0	71	0
ASV_265	70	0	0	0	0	0	0	0	0	0
ASV_266	0	0	0	45	25	0	0	0	0	0
ASV_267	0	0	0	0	70	0	0	0	0	0
ASV_268	0	0	0	0	70	0	0	0	0	0
ASV_269	0	0	0	0	0	0	70	0	0	0
ASV_270	24	18	27	0	0	0	0	0	0	0
ASV_271	0	69	0	0	0	0	0	0	0	0
ASV_272	0	40	29	0	0	0	0	0	0	0
ASV_273	0	32	37	0	0	0	0	0	0	0
ASV_274	0	0	0	0	0	69	0	0	0	0
ASV_275	19	25	12	0	0	0	12	0	0	0
ASV_276	0	68	0	0	0	0	0	0	0	0
ASV_277	0	0	68	0	0	0	0	0	0	0
ASV_278	0	0	0	40	28	0	0	0	0	0
ASV_279	0	0	0	0	0	0	68	0	0	0
ASV_280	0	0	0	0	0	0	0	0	68	0
ASV_281	0	0	0	0	0	0	0	0	0	68
ASV_282	67	0	0	0	0	0	0	0	0	0
ASV_283	0	67	0	0	0	0	0	0	0	0
ASV_284	0	0	0	0	0	0	67	0	0	0
ASV_285	0	0	0	0	0	0	0	0	67	0
ASV_286	0	0	0	0	0	0	0	0	67	0
ASV_287	0	0	0	0	0	0	0	0	67	0
ASV_288	11	28	27	0	0	0	0	0	0	0
ASV_289	0	66	0	0	0	0	0	0	0	0
ASV_290	0	0	0	53	13	0	0	0	0	0
ASV_291	0	0	0	0	66	0	0	0	0	0
ASV_292	0	0	0	0	0	0	0	66	0	0
ASV_293	0	0	0	0	0	0	0	66	0	0
ASV_294	0	0	0	0	0	0	0	0	66	0
ASV_295	25	17	23	0	0	0	0	0	0	0
ASV_296	24	17	24	0	0	0	0	0	0	0
ASV_297	23	42	0	0	0	0	0	0	0	0
ASV_298	22	19	24	0	0	0	0	0	0	0
ASV_299	0	0	0	65	0	0	0	0	0	0
ASV_300	0	0	0	34	31	0	0	0	0	0
ASV_301	0	0	0	0	0	65	0	0	0	0
ASV_302	0	0	0	0	0	0	51	14	0	0
ASV_303	0	0	0	0	0	0	31	34	0	0
ASV_304	64	0	0	0	0	0	0	0	0	0
ASV_305	26	15	23	0	0	0	0	0	0	0
ASV_306	0	64	0	0	0	0	0	0	0	0
ASV_307	0	0	0	64	0	0	0	0	0	0
ASV_308	0	0	0	64	0	0	0	0	0	0
ASV_309	0	0	0	0	0	0	0	64	0	0
ASV_310	0	0	0	0	0	0	0	0	0	64
ASV_311	41	22	0	0	0	0	0	0	0	0
ASV_312	0	63	0	0	0	0	0	0	0	0
ASV_313	0	63	0	0	0	0	0	0	0	0
ASV_314	0	63	0	0	0	0	0	0	0	0
ASV_315	0	35	28	0	0	0	0	0	0	0
ASV_316	0	26	37	0	0	0	0	0	0	0
ASV_317	0	0	63	0	0	0	0	0	0	0
ASV_318	0	0	0	63	0	0	0	0	0	0
ASV_319	0	0	0	0	0	0	63	0	0	0
ASV_320	0	0	0	0	0	0	63	0	0	0
ASV_321	0	0	0	0	0	0	0	0	63	0
ASV_322	0	0	0	0	0	0	0	0	0	63
ASV_323	0	62	0	0	0	0	0	0	0	0
ASV_324	0	0	0	0	62	0	0	0	0	0
ASV_325	0	0	0	0	0	62	0	0	0	0
ASV_326	0	0	0	0	0	0	62	0	0	0
ASV_327	0	0	0	0	0	0	0	62	0	0
ASV_328	0	0	0	0	0	0	0	0	62	0
ASV_329	0	61	0	0	0	0	0	0	0	0
ASV_330	0	0	0	0	61	0	0	0	0	0
ASV_331	0	0	0	0	0	61	0	0	0	0
ASV_332	0	0	0	0	0	61	0	0	0	0
ASV_333	0	0	0	0	0	0	61	0	0	0
ASV_334	60	0	0	0	0	0	0	0	0	0
ASV_335	60	0	0	0	0	0	0	0	0	0
ASV_336	14	46	0	0	0	0	0	0	0	0
ASV_337	0	60	0	0	0	0	0	0	0	0
ASV_338	0	60	0	0	0	0	0	0	0	0
ASV_339	0	60	0	0	0	0	0	0	0	0
ASV_340	0	37	23	0	0	0	0	0	0	0
ASV_341	0	0	60	0	0	0	0	0	0	0
ASV_342	0	0	60	0	0	0	0	0	0	0
ASV_343	0	0	60	0	0	0	0	0	0	0
ASV_344	0	0	0	0	0	60	0	0	0	0
ASV_345	0	0	0	0	0	0	0	0	60	0
ASV_346	0	0	0	0	0	0	0	0	60	0
ASV_347	0	0	0	0	0	0	0	0	60	0
ASV_348	0	0	59	0	0	0	0	0	0	0
ASV_349	0	0	59	0	0	0	0	0	0	0
ASV_350	0	0	0	0	59	0	0	0	0	0
ASV_351	0	0	0	0	0	59	0	0	0	0
ASV_352	0	0	0	0	0	59	0	0	0	0
ASV_353	0	0	0	0	0	0	0	59	0	0
ASV_354	0	0	0	0	0	0	0	0	59	0
ASV_355	0	0	0	0	0	0	0	0	59	0
ASV_356	58	0	0	0	0	0	0	0	0	0
ASV_357	28	0	30	0	0	0	0	0	0	0
ASV_358	19	39	0	0	0	0	0	0	0	0
ASV_359	0	58	0	0	0	0	0	0	0	0
ASV_360	0	58	0	0	0	0	0	0	0	0
ASV_361	0	58	0	0	0	0	0	0	0	0
ASV_362	0	0	0	0	0	0	0	0	58	0
ASV_363	0	57	0	0	0	0	0	0	0	0
ASV_364	0	21	36	0	0	0	0	0	0	0
ASV_365	0	0	57	0	0	0	0	0	0	0
ASV_366	0	0	0	0	0	0	57	0	0	0
ASV_367	0	0	0	0	0	0	0	57	0	0
ASV_368	0	0	0	0	0	0	0	0	57	0
ASV_369	0	0	0	0	0	0	0	0	57	0
ASV_370	56	0	0	0	0	0	0	0	0	0
ASV_371	56	0	0	0	0	0	0	0	0	0
ASV_372	56	0	0	0	0	0	0	0	0	0
ASV_373	56	0	0	0	0	0	0	0	0	0
ASV_374	0	56	0	0	0	0	0	0	0	0
ASV_375	0	56	0	0	0	0	0	0	0	0
ASV_376	0	0	0	0	56	0	0	0	0	0
ASV_377	0	0	0	0	0	56	0	0	0	0
ASV_378	0	0	0	0	0	56	0	0	0	0
ASV_379	0	0	0	0	0	0	56	0	0	0
ASV_380	0	0	0	0	0	0	0	56	0	0
ASV_381	0	0	0	0	0	0	0	0	56	0
ASV_382	55	0	0	0	0	0	0	0	0	0
ASV_383	55	0	0	0	0	0	0	0	0	0
ASV_384	33	0	22	0	0	0	0	0	0	0
ASV_385	22	14	15	0	0	0	4	0	0	0
ASV_386	14	18	19	0	0	0	4	0	0	0
ASV_387	0	55	0	0	0	0	0	0	0	0
ASV_388	0	0	55	0	0	0	0	0	0	0
ASV_389	0	0	55	0	0	0	0	0	0	0
ASV_390	0	0	55	0	0	0	0	0	0	0
ASV_391	0	0	0	35	20	0	0	0	0	0
ASV_392	0	0	0	0	55	0	0	0	0	0
ASV_393	0	0	0	0	0	0	55	0	0	0
ASV_394	0	0	0	0	0	0	0	0	55	0
ASV_395	54	0	0	0	0	0	0	0	0	0
ASV_396	54	0	0	0	0	0	0	0	0	0
ASV_397	0	0	54	0	0	0	0	0	0	0
ASV_398	0	0	0	54	0	0	0	0	0	0
ASV_399	0	0	0	54	0	0	0	0	0	0
ASV_400	0	0	0	0	54	0	0	0	0	0
ASV_401	0	0	0	0	54	0	0	0	0	0
ASV_402	0	0	0	0	54	0	0	0	0	0
ASV_403	0	0	0	0	0	54	0	0	0	0
ASV_404	0	0	0	0	0	54	0	0	0	0
ASV_405	0	0	0	0	0	0	54	0	0	0
ASV_406	0	0	0	0	0	0	0	54	0	0
ASV_407	0	0	0	0	0	0	0	54	0	0
ASV_408	0	0	0	0	0	0	0	54	0	0
ASV_409	0	0	0	0	0	0	0	0	54	0
ASV_410	0	0	0	0	0	0	0	0	0	54
ASV_411	53	0	0	0	0	0	0	0	0	0
ASV_412	0	53	0	0	0	0	0	0	0	0
ASV_413	0	0	53	0	0	0	0	0	0	0
ASV_414	0	0	0	0	53	0	0	0	0	0
ASV_415	0	0	0	0	0	0	0	0	53	0
ASV_416	0	0	0	0	0	0	0	0	53	0
ASV_417	52	0	0	0	0	0	0	0	0	0
ASV_418	52	0	0	0	0	0	0	0	0	0
ASV_419	3	9	15	0	0	0	10	15	0	0
ASV_420	0	52	0	0	0	0	0	0	0	0
ASV_421	0	52	0	0	0	0	0	0	0	0
ASV_422	0	0	52	0	0	0	0	0	0	0
ASV_423	0	0	0	0	0	52	0	0	0	0
ASV_424	0	0	0	0	0	0	52	0	0	0
ASV_425	0	0	0	0	0	0	0	52	0	0
ASV_426	0	0	0	0	0	0	0	0	52	0
ASV_427	0	0	0	0	0	0	0	0	0	52
ASV_428	51	0	0	0	0	0	0	0	0	0
ASV_429	51	0	0	0	0	0	0	0	0	0
ASV_430	27	24	0	0	0	0	0	0	0	0
ASV_431	20	0	31	0	0	0	0	0	0	0
ASV_432	16	14	21	0	0	0	0	0	0	0
ASV_433	15	0	36	0	0	0	0	0	0	0
ASV_434	0	51	0	0	0	0	0	0	0	0
ASV_435	0	51	0	0	0	0	0	0	0	0
ASV_436	0	0	51	0	0	0	0	0	0	0
ASV_437	0	0	51	0	0	0	0	0	0	0
ASV_438	0	0	0	51	0	0	0	0	0	0
ASV_439	0	0	0	0	0	51	0	0	0	0
ASV_440	0	0	0	0	0	51	0	0	0	0
ASV_441	0	0	0	0	0	0	51	0	0	0
ASV_442	0	0	0	0	0	0	0	0	0	51
ASV_443	50	0	0	0	0	0	0	0	0	0
ASV_444	50	0	0	0	0	0	0	0	0	0
ASV_445	50	0	0	0	0	0	0	0	0	0
ASV_446	50	0	0	0	0	0	0	0	0	0
ASV_447	50	0	0	0	0	0	0	0	0	0
ASV_448	27	7	16	0	0	0	0	0	0	0
ASV_449	0	50	0	0	0	0	0	0	0	0
ASV_450	0	50	0	0	0	0	0	0	0	0
ASV_451	0	50	0	0	0	0	0	0	0	0
ASV_452	0	0	50	0	0	0	0	0	0	0
ASV_453	0	0	50	0	0	0	0	0	0	0
ASV_454	0	0	50	0	0	0	0	0	0	0
ASV_455	0	0	50	0	0	0	0	0	0	0
ASV_456	0	0	0	0	50	0	0	0	0	0
ASV_457	0	0	0	0	50	0	0	0	0	0
ASV_458	0	0	0	0	0	0	0	50	0	0
ASV_459	0	0	0	0	0	0	0	50	0	0
ASV_460	0	0	0	0	0	0	0	0	50	0
ASV_461	0	0	0	0	0	0	0	0	50	0
ASV_462	0	0	0	0	0	0	0	0	0	50
ASV_463	49	0	0	0	0	0	0	0	0	0
ASV_464	49	0	0	0	0	0	0	0	0	0
ASV_465	49	0	0	0	0	0	0	0	0	0
ASV_466	16	12	21	0	0	0	0	0	0	0
ASV_467	0	31	18	0	0	0	0	0	0	0
ASV_468	0	0	49	0	0	0	0	0	0	0
ASV_469	0	0	49	0	0	0	0	0	0	0
ASV_470	0	0	49	0	0	0	0	0	0	0
ASV_471	0	0	0	0	49	0	0	0	0	0
ASV_472	0	0	0	0	49	0	0	0	0	0
ASV_473	48	0	0	0	0	0	0	0	0	0
ASV_474	48	0	0	0	0	0	0	0	0	0
ASV_475	25	23	0	0	0	0	0	0	0	0
ASV_476	18	16	14	0	0	0	0	0	0	0
ASV_477	11	10	27	0	0	0	0	0	0	0
ASV_478	0	48	0	0	0	0	0	0	0	0
ASV_479	0	48	0	0	0	0	0	0	0	0
ASV_480	0	19	29	0	0	0	0	0	0	0
ASV_481	0	0	48	0	0	0	0	0	0	0
ASV_482	0	0	48	0	0	0	0	0	0	0
ASV_483	0	0	0	0	0	0	48	0	0	0
ASV_484	0	0	0	0	0	0	48	0	0	0
ASV_485	0	0	0	0	0	0	48	0	0	0
ASV_486	0	0	0	0	0	0	48	0	0	0
ASV_487	0	0	0	0	0	0	0	48	0	0
ASV_488	47	0	0	0	0	0	0	0	0	0
ASV_489	47	0	0	0	0	0	0	0	0	0
ASV_490	0	47	0	0	0	0	0	0	0	0
ASV_491	0	47	0	0	0	0	0	0	0	0
ASV_492	0	47	0	0	0	0	0	0	0	0
ASV_493	0	0	47	0	0	0	0	0	0	0
ASV_494	0	0	47	0	0	0	0	0	0	0
ASV_495	0	0	0	47	0	0	0	0	0	0
ASV_496	0	0	0	0	47	0	0	0	0	0
ASV_497	0	0	0	0	0	0	47	0	0	0
ASV_498	0	0	0	0	0	0	0	47	0	0
ASV_499	0	0	0	0	0	0	0	0	47	0
ASV_500	46	0	0	0	0	0	0	0	0	0
ASV_501	10	13	23	0	0	0	0	0	0	0
ASV_502	0	46	0	0	0	0	0	0	0	0
ASV_503	0	29	17	0	0	0	0	0	0	0
ASV_504	0	0	46	0	0	0	0	0	0	0
ASV_505	0	0	46	0	0	0	0	0	0	0
ASV_506	0	0	0	46	0	0	0	0	0	0
ASV_507	0	0	0	0	46	0	0	0	0	0
ASV_508	0	0	0	0	0	46	0	0	0	0
ASV_509	0	0	0	0	0	0	23	23	0	0
ASV_510	0	0	0	0	0	0	0	46	0	0
ASV_511	45	0	0	0	0	0	0	0	0	0
ASV_512	45	0	0	0	0	0	0	0	0	0
ASV_513	23	0	22	0	0	0	0	0	0	0
ASV_514	14	16	15	0	0	0	0	0	0	0
ASV_515	2	8	19	0	0	0	16	0	0	0
ASV_516	0	45	0	0	0	0	0	0	0	0
ASV_517	0	30	15	0	0	0	0	0	0	0
ASV_518	0	19	26	0	0	0	0	0	0	0
ASV_519	0	0	45	0	0	0	0	0	0	0
ASV_520	0	0	45	0	0	0	0	0	0	0
ASV_521	0	0	0	0	45	0	0	0	0	0
ASV_522	0	0	0	0	45	0	0	0	0	0
ASV_523	0	0	0	0	45	0	0	0	0	0
ASV_524	0	0	0	0	45	0	0	0	0	0
ASV_525	0	0	0	0	45	0	0	0	0	0
ASV_526	0	0	0	0	0	45	0	0	0	0
ASV_527	0	0	0	0	0	0	45	0	0	0
ASV_528	0	0	0	0	0	0	0	0	45	0
ASV_529	0	0	0	0	0	0	0	0	0	45
ASV_530	44	0	0	0	0	0	0	0	0	0
ASV_531	28	16	0	0	0	0	0	0	0	0
ASV_532	26	0	18	0	0	0	0	0	0	0
ASV_533	0	0	44	0	0	0	0	0	0	0
ASV_534	0	0	44	0	0	0	0	0	0	0
ASV_535	0	0	44	0	0	0	0	0	0	0
ASV_536	0	0	0	44	0	0	0	0	0	0
ASV_537	0	0	0	0	44	0	0	0	0	0
ASV_538	0	0	0	0	44	0	0	0	0	0
ASV_539	0	0	0	0	0	0	0	0	0	44
ASV_540	43	0	0	0	0	0	0	0	0	0
ASV_541	16	16	11	0	0	0	0	0	0	0
ASV_542	0	43	0	0	0	0	0	0	0	0
ASV_543	0	0	43	0	0	0	0	0	0	0
ASV_544	0	0	0	0	43	0	0	0	0	0
ASV_545	0	0	0	0	0	43	0	0	0	0
ASV_546	0	0	0	0	0	43	0	0	0	0
ASV_547	0	0	0	0	0	0	43	0	0	0
ASV_548	0	0	0	0	0	0	0	43	0	0
ASV_549	0	0	0	0	0	0	0	0	43	0
ASV_550	0	0	0	0	0	0	0	0	0	43
ASV_551	42	0	0	0	0	0	0	0	0	0
ASV_552	42	0	0	0	0	0	0	0	0	0
ASV_553	42	0	0	0	0	0	0	0	0	0
ASV_554	14	14	14	0	0	0	0	0	0	0
ASV_555	0	0	42	0	0	0	0	0	0	0
ASV_556	0	0	0	0	42	0	0	0	0	0
ASV_557	0	0	0	0	42	0	0	0	0	0
ASV_558	0	0	0	0	42	0	0	0	0	0
ASV_559	0	0	0	0	0	42	0	0	0	0
ASV_560	0	0	0	0	0	0	0	42	0	0
ASV_561	0	0	0	0	0	0	0	42	0	0
ASV_562	0	0	0	0	0	0	0	42	0	0
ASV_563	41	0	0	0	0	0	0	0	0	0
ASV_564	41	0	0	0	0	0	0	0	0	0
ASV_565	41	0	0	0	0	0	0	0	0	0
ASV_566	22	0	19	0	0	0	0	0	0	0
ASV_567	5	19	17	0	0	0	0	0	0	0
ASV_568	0	41	0	0	0	0	0	0	0	0
ASV_569	0	41	0	0	0	0	0	0	0	0
ASV_570	0	13	28	0	0	0	0	0	0	0
ASV_571	0	0	41	0	0	0	0	0	0	0
ASV_572	0	0	41	0	0	0	0	0	0	0
ASV_573	0	0	41	0	0	0	0	0	0	0
ASV_574	0	0	41	0	0	0	0	0	0	0
ASV_575	0	0	41	0	0	0	0	0	0	0
ASV_576	0	0	0	0	41	0	0	0	0	0
ASV_577	0	0	0	0	41	0	0	0	0	0
ASV_578	0	0	0	0	0	0	0	41	0	0
ASV_579	0	0	0	0	0	0	0	41	0	0
ASV_580	0	0	0	0	0	0	0	0	0	41
ASV_581	21	12	7	0	0	0	0	0	0	0
ASV_582	0	40	0	0	0	0	0	0	0	0
ASV_583	0	15	25	0	0	0	0	0	0	0
ASV_584	0	0	40	0	0	0	0	0	0	0
ASV_585	0	0	0	40	0	0	0	0	0	0
ASV_586	0	0	0	0	40	0	0	0	0	0
ASV_587	0	0	0	0	0	40	0	0	0	0
ASV_588	0	0	0	0	0	0	40	0	0	0
ASV_589	0	0	0	0	0	0	11	29	0	0
ASV_590	0	0	0	0	0	0	0	40	0	0
ASV_591	0	0	0	0	0	0	0	40	0	0
ASV_592	0	0	0	0	0	0	0	0	0	40
ASV_593	0	0	0	0	0	0	0	0	0	40
ASV_594	39	0	0	0	0	0	0	0	0	0
ASV_595	39	0	0	0	0	0	0	0	0	0
ASV_596	39	0	0	0	0	0	0	0	0	0
ASV_597	39	0	0	0	0	0	0	0	0	0
ASV_598	39	0	0	0	0	0	0	0	0	0
ASV_599	24	0	15	0	0	0	0	0	0	0
ASV_600	0	39	0	0	0	0	0	0	0	0
ASV_601	0	39	0	0	0	0	0	0	0	0
ASV_602	0	39	0	0	0	0	0	0	0	0
ASV_603	0	0	39	0	0	0	0	0	0	0
ASV_604	0	0	39	0	0	0	0	0	0	0
ASV_605	0	0	39	0	0	0	0	0	0	0
ASV_606	0	0	0	0	39	0	0	0	0	0
ASV_607	0	0	0	0	0	39	0	0	0	0
ASV_608	0	0	0	0	0	0	39	0	0	0
ASV_609	0	0	0	0	0	0	39	0	0	0
ASV_610	0	0	0	0	0	0	0	39	0	0
ASV_611	0	0	0	0	0	0	0	0	39	0
ASV_612	0	0	0	0	0	0	0	0	0	39
ASV_613	38	0	0	0	0	0	0	0	0	0
ASV_614	38	0	0	0	0	0	0	0	0	0
ASV_615	0	0	38	0	0	0	0	0	0	0
ASV_616	0	0	38	0	0	0	0	0	0	0
ASV_617	0	0	38	0	0	0	0	0	0	0
ASV_618	0	0	38	0	0	0	0	0	0	0
ASV_619	0	0	38	0	0	0	0	0	0	0
ASV_620	0	0	38	0	0	0	0	0	0	0
ASV_621	0	0	38	0	0	0	0	0	0	0
ASV_622	0	0	0	38	0	0	0	0	0	0
ASV_623	0	0	0	38	0	0	0	0	0	0
ASV_624	0	0	0	0	38	0	0	0	0	0
ASV_625	0	0	0	0	38	0	0	0	0	0
ASV_626	0	0	0	0	38	0	0	0	0	0
ASV_627	0	0	0	0	0	38	0	0	0	0
ASV_628	0	0	0	0	0	38	0	0	0	0
ASV_629	0	0	0	0	0	38	0	0	0	0
ASV_630	0	0	0	0	0	0	38	0	0	0
ASV_631	0	0	0	0	0	0	38	0	0	0
ASV_632	0	0	0	0	0	0	38	0	0	0
ASV_633	0	0	0	0	0	0	0	38	0	0
ASV_634	0	0	0	0	0	0	0	0	38	0
ASV_635	0	0	0	0	0	0	0	0	38	0
ASV_636	37	0	0	0	0	0	0	0	0	0
ASV_637	37	0	0	0	0	0	0	0	0	0
ASV_638	37	0	0	0	0	0	0	0	0	0
ASV_639	37	0	0	0	0	0	0	0	0	0
ASV_640	37	0	0	0	0	0	0	0	0	0
ASV_641	37	0	0	0	0	0	0	0	0	0
ASV_642	0	37	0	0	0	0	0	0	0	0
ASV_643	0	37	0	0	0	0	0	0	0	0
ASV_644	0	37	0	0	0	0	0	0	0	0
ASV_645	0	37	0	0	0	0	0	0	0	0
ASV_646	0	0	37	0	0	0	0	0	0	0
ASV_647	0	0	37	0	0	0	0	0	0	0
ASV_648	0	0	37	0	0	0	0	0	0	0
ASV_649	0	0	0	37	0	0	0	0	0	0
ASV_650	0	0	0	37	0	0	0	0	0	0
ASV_651	0	0	0	37	0	0	0	0	0	0
ASV_652	0	0	0	0	37	0	0	0	0	0
ASV_653	0	0	0	0	0	37	0	0	0	0
ASV_654	0	0	0	0	0	37	0	0	0	0
ASV_655	0	0	0	0	0	0	37	0	0	0
ASV_656	0	0	0	0	0	0	0	37	0	0
ASV_657	0	0	0	0	0	0	0	0	37	0
ASV_658	0	0	0	0	0	0	0	0	37	0
ASV_659	0	0	0	0	0	0	0	0	0	37
ASV_660	36	0	0	0	0	0	0	0	0	0
ASV_661	36	0	0	0	0	0	0	0	0	0
ASV_662	36	0	0	0	0	0	0	0	0	0
ASV_663	0	36	0	0	0	0	0	0	0	0
ASV_664	0	36	0	0	0	0	0	0	0	0
ASV_665	0	36	0	0	0	0	0	0	0	0
ASV_666	0	24	12	0	0	0	0	0	0	0
ASV_667	0	0	36	0	0	0	0	0	0	0
ASV_668	0	0	36	0	0	0	0	0	0	0
ASV_669	0	0	36	0	0	0	0	0	0	0
ASV_670	0	0	0	0	36	0	0	0	0	0
ASV_671	0	0	0	0	36	0	0	0	0	0
ASV_672	0	0	0	0	36	0	0	0	0	0
ASV_673	0	0	0	0	36	0	0	0	0	0
ASV_674	0	0	0	0	0	36	0	0	0	0
ASV_675	0	0	0	0	0	36	0	0	0	0
ASV_676	0	0	0	0	0	0	36	0	0	0
ASV_677	0	0	0	0	0	0	36	0	0	0
ASV_678	0	0	0	0	0	0	0	36	0	0
ASV_679	0	0	0	0	0	0	0	0	36	0
ASV_680	35	0	0	0	0	0	0	0	0	0
ASV_681	35	0	0	0	0	0	0	0	0	0
ASV_682	35	0	0	0	0	0	0	0	0	0
ASV_683	35	0	0	0	0	0	0	0	0	0
ASV_684	35	0	0	0	0	0	0	0	0	0
ASV_685	35	0	0	0	0	0	0	0	0	0
ASV_686	0	35	0	0	0	0	0	0	0	0
ASV_687	0	35	0	0	0	0	0	0	0	0
ASV_688	0	35	0	0	0	0	0	0	0	0
ASV_689	0	35	0	0	0	0	0	0	0	0
ASV_690	0	0	35	0	0	0	0	0	0	0
ASV_691	0	0	35	0	0	0	0	0	0	0
ASV_692	0	0	35	0	0	0	0	0	0	0
ASV_693	0	0	35	0	0	0	0	0	0	0
ASV_694	0	0	35	0	0	0	0	0	0	0
ASV_695	0	0	35	0	0	0	0	0	0	0
ASV_696	0	0	0	0	35	0	0	0	0	0
ASV_697	0	0	0	0	35	0	0	0	0	0
ASV_698	0	0	0	0	35	0	0	0	0	0
ASV_699	0	0	0	0	0	35	0	0	0	0
ASV_700	0	0	0	0	0	0	35	0	0	0
ASV_701	0	0	0	0	0	0	0	35	0	0
ASV_702	0	0	0	0	0	0	0	0	35	0
ASV_703	0	0	0	0	0	0	0	0	35	0
ASV_704	0	0	0	0	0	0	0	0	0	35
ASV_705	34	0	0	0	0	0	0	0	0	0
ASV_706	34	0	0	0	0	0	0	0	0	0
ASV_707	34	0	0	0	0	0	0	0	0	0
ASV_708	34	0	0	0	0	0	0	0	0	0
ASV_709	34	0	0	0	0	0	0	0	0	0
ASV_710	34	0	0	0	0	0	0	0	0	0
ASV_711	15	9	10	0	0	0	0	0	0	0
ASV_712	0	34	0	0	0	0	0	0	0	0
ASV_713	0	34	0	0	0	0	0	0	0	0
ASV_714	0	34	0	0	0	0	0	0	0	0
ASV_715	0	34	0	0	0	0	0	0	0	0
ASV_716	0	19	15	0	0	0	0	0	0	0
ASV_717	0	0	34	0	0	0	0	0	0	0
ASV_718	0	0	34	0	0	0	0	0	0	0
ASV_719	0	0	34	0	0	0	0	0	0	0
ASV_720	0	0	0	0	34	0	0	0	0	0
ASV_721	0	0	0	0	0	34	0	0	0	0
ASV_722	0	0	0	0	0	0	34	0	0	0
ASV_723	0	0	0	0	0	0	34	0	0	0
ASV_724	0	0	0	0	0	0	0	0	34	0
ASV_725	0	0	0	0	0	0	0	0	34	0
ASV_726	0	0	0	0	0	0	0	0	0	34
ASV_727	0	0	0	0	0	0	0	0	0	34
ASV_728	33	0	0	0	0	0	0	0	0	0
ASV_729	33	0	0	0	0	0	0	0	0	0
ASV_730	33	0	0	0	0	0	0	0	0	0
ASV_731	0	33	0	0	0	0	0	0	0	0
ASV_732	0	0	33	0	0	0	0	0	0	0
ASV_733	0	0	33	0	0	0	0	0	0	0
ASV_734	0	0	33	0	0	0	0	0	0	0
ASV_735	0	0	33	0	0	0	0	0	0	0
ASV_736	0	0	0	0	33	0	0	0	0	0
ASV_737	0	0	0	0	33	0	0	0	0	0
ASV_738	0	0	0	0	0	0	33	0	0	0
ASV_739	0	0	0	0	0	0	33	0	0	0
ASV_740	0	0	0	0	0	0	33	0	0	0
ASV_741	0	0	0	0	0	0	0	0	33	0
ASV_742	0	0	0	0	0	0	0	0	0	33
ASV_743	0	0	0	0	0	0	0	0	0	33
ASV_744	0	0	0	0	0	0	0	0	0	33
ASV_745	0	0	0	0	0	0	0	0	0	33
ASV_746	0	0	0	0	0	0	0	0	0	33
ASV_747	32	0	0	0	0	0	0	0	0	0
ASV_748	32	0	0	0	0	0	0	0	0	0
ASV_749	32	0	0	0	0	0	0	0	0	0
ASV_750	32	0	0	0	0	0	0	0	0	0
ASV_751	21	11	0	0	0	0	0	0	0	0
ASV_752	19	0	13	0	0	0	0	0	0	0
ASV_753	0	32	0	0	0	0	0	0	0	0
ASV_754	0	32	0	0	0	0	0	0	0	0
ASV_755	0	32	0	0	0	0	0	0	0	0
ASV_756	0	0	32	0	0	0	0	0	0	0
ASV_757	0	0	32	0	0	0	0	0	0	0
ASV_758	0	0	32	0	0	0	0	0	0	0
ASV_759	0	0	0	0	32	0	0	0	0	0
ASV_760	0	0	0	0	0	32	0	0	0	0
ASV_761	0	0	0	0	0	0	32	0	0	0
ASV_762	0	0	0	0	0	0	32	0	0	0
ASV_763	0	0	0	0	0	0	0	32	0	0
ASV_764	0	0	0	0	0	0	0	32	0	0
ASV_765	31	0	0	0	0	0	0	0	0	0
ASV_766	31	0	0	0	0	0	0	0	0	0
ASV_767	31	0	0	0	0	0	0	0	0	0
ASV_768	31	0	0	0	0	0	0	0	0	0
ASV_769	13	10	8	0	0	0	0	0	0	0
ASV_770	12	14	5	0	0	0	0	0	0	0
ASV_771	0	31	0	0	0	0	0	0	0	0
ASV_772	0	31	0	0	0	0	0	0	0	0
ASV_773	0	31	0	0	0	0	0	0	0	0
ASV_774	0	0	31	0	0	0	0	0	0	0
ASV_775	0	0	31	0	0	0	0	0	0	0
ASV_776	0	0	31	0	0	0	0	0	0	0
ASV_777	0	0	0	0	31	0	0	0	0	0
ASV_778	0	0	0	0	31	0	0	0	0	0
ASV_779	0	0	0	0	31	0	0	0	0	0
ASV_780	0	0	0	0	0	31	0	0	0	0
ASV_781	0	0	0	0	0	0	31	0	0	0
ASV_782	0	0	0	0	0	0	31	0	0	0
ASV_783	0	0	0	0	0	0	31	0	0	0
ASV_784	0	0	0	0	0	0	11	20	0	0
ASV_785	0	0	0	0	0	0	0	31	0	0
ASV_786	0	0	0	0	0	0	0	31	0	0
ASV_787	0	0	0	0	0	0	0	31	0	0
ASV_788	0	0	0	0	0	0	0	0	31	0
ASV_789	0	0	0	0	0	0	0	0	0	31
ASV_790	16	0	14	0	0	0	0	0	0	0
ASV_791	9	12	9	0	0	0	0	0	0	0
ASV_792	0	30	0	0	0	0	0	0	0	0
ASV_793	0	30	0	0	0	0	0	0	0	0
ASV_794	0	30	0	0	0	0	0	0	0	0
ASV_795	0	0	30	0	0	0	0	0	0	0
ASV_796	0	0	30	0	0	0	0	0	0	0
ASV_797	0	0	30	0	0	0	0	0	0	0
ASV_798	0	0	30	0	0	0	0	0	0	0
ASV_799	0	0	0	30	0	0	0	0	0	0
ASV_800	0	0	0	30	0	0	0	0	0	0
ASV_801	0	0	0	0	30	0	0	0	0	0
ASV_802	0	0	0	0	30	0	0	0	0	0
ASV_803	0	0	0	0	30	0	0	0	0	0
ASV_804	0	0	0	0	0	30	0	0	0	0
ASV_805	0	0	0	0	0	30	0	0	0	0
ASV_806	0	0	0	0	0	30	0	0	0	0
ASV_807	0	0	0	0	0	0	30	0	0	0
ASV_808	0	0	0	0	0	0	30	0	0	0
ASV_809	0	0	0	0	0	0	0	30	0	0
ASV_810	0	0	0	0	0	0	0	0	30	0
ASV_811	0	0	0	0	0	0	0	0	0	30
ASV_812	0	0	0	0	0	0	0	0	0	30
ASV_813	0	0	0	0	0	0	0	0	0	30
ASV_814	29	0	0	0	0	0	0	0	0	0
ASV_815	29	0	0	0	0	0	0	0	0	0
ASV_816	29	0	0	0	0	0	0	0	0	0
ASV_817	29	0	0	0	0	0	0	0	0	0
ASV_818	29	0	0	0	0	0	0	0	0	0
ASV_819	17	0	12	0	0	0	0	0	0	0
ASV_820	0	29	0	0	0	0	0	0	0	0
ASV_821	0	29	0	0	0	0	0	0	0	0
ASV_822	0	29	0	0	0	0	0	0	0	0
ASV_823	0	0	29	0	0	0	0	0	0	0
ASV_824	0	0	29	0	0	0	0	0	0	0
ASV_825	0	0	29	0	0	0	0	0	0	0
ASV_826	0	0	29	0	0	0	0	0	0	0
ASV_827	0	0	29	0	0	0	0	0	0	0
ASV_828	0	0	0	29	0	0	0	0	0	0
ASV_829	0	0	0	29	0	0	0	0	0	0
ASV_830	0	0	0	8	21	0	0	0	0	0
ASV_831	0	0	0	0	0	0	29	0	0	0
ASV_832	0	0	0	0	0	0	0	29	0	0
ASV_833	0	0	0	0	0	0	0	0	29	0
ASV_834	0	0	0	0	0	0	0	0	0	29
ASV_835	0	0	0	0	0	0	0	0	0	29
ASV_836	0	0	0	0	0	0	0	0	0	29
ASV_837	0	0	0	0	0	0	0	0	0	29
ASV_838	0	0	0	0	0	0	0	0	0	29
ASV_839	28	0	0	0	0	0	0	0	0	0
ASV_840	28	0	0	0	0	0	0	0	0	0
ASV_841	28	0	0	0	0	0	0	0	0	0
ASV_842	28	0	0	0	0	0	0	0	0	0
ASV_843	28	0	0	0	0	0	0	0	0	0
ASV_844	0	28	0	0	0	0	0	0	0	0
ASV_845	0	0	28	0	0	0	0	0	0	0
ASV_846	0	0	0	0	28	0	0	0	0	0
ASV_847	0	0	0	0	28	0	0	0	0	0
ASV_848	0	0	0	0	0	28	0	0	0	0
ASV_849	0	0	0	0	0	0	0	28	0	0
ASV_850	0	0	0	0	0	0	0	28	0	0
ASV_851	0	0	0	0	0	0	0	28	0	0
ASV_852	0	0	0	0	0	0	0	0	28	0
ASV_853	0	0	0	0	0	0	0	0	0	28
ASV_854	0	0	0	0	0	0	0	0	0	28
ASV_855	0	0	0	0	0	0	0	0	0	28
ASV_856	27	0	0	0	0	0	0	0	0	0
ASV_857	0	27	0	0	0	0	0	0	0	0
ASV_858	0	27	0	0	0	0	0	0	0	0
ASV_859	0	27	0	0	0	0	0	0	0	0
ASV_860	0	27	0	0	0	0	0	0	0	0
ASV_861	0	27	0	0	0	0	0	0	0	0
ASV_862	0	27	0	0	0	0	0	0	0	0
ASV_863	0	0	27	0	0	0	0	0	0	0
ASV_864	0	0	0	27	0	0	0	0	0	0
ASV_865	0	0	0	27	0	0	0	0	0	0
ASV_866	0	0	0	17	10	0	0	0	0	0
ASV_867	0	0	0	0	27	0	0	0	0	0
ASV_868	0	0	0	0	27	0	0	0	0	0
ASV_869	0	0	0	0	0	27	0	0	0	0
ASV_870	0	0	0	0	0	27	0	0	0	0
ASV_871	0	0	0	0	0	27	0	0	0	0
ASV_872	0	0	0	0	0	0	27	0	0	0
ASV_873	0	0	0	0	0	0	0	27	0	0
ASV_874	0	0	0	0	0	0	0	27	0	0
ASV_875	0	0	0	0	0	0	0	0	27	0
ASV_876	26	0	0	0	0	0	0	0	0	0
ASV_877	26	0	0	0	0	0	0	0	0	0
ASV_878	26	0	0	0	0	0	0	0	0	0
ASV_879	26	0	0	0	0	0	0	0	0	0
ASV_880	26	0	0	0	0	0	0	0	0	0
ASV_881	0	26	0	0	0	0	0	0	0	0
ASV_882	0	26	0	0	0	0	0	0	0	0
ASV_883	0	0	26	0	0	0	0	0	0	0
ASV_884	0	0	26	0	0	0	0	0	0	0
ASV_885	0	0	26	0	0	0	0	0	0	0
ASV_886	0	0	26	0	0	0	0	0	0	0
ASV_887	0	0	26	0	0	0	0	0	0	0
ASV_888	0	0	0	0	26	0	0	0	0	0
ASV_889	0	0	0	0	26	0	0	0	0	0
ASV_890	0	0	0	0	0	26	0	0	0	0
ASV_891	0	0	0	0	0	26	0	0	0	0
ASV_892	0	0	0	0	0	26	0	0	0	0
ASV_893	0	0	0	0	0	26	0	0	0	0
ASV_894	0	0	0	0	0	26	0	0	0	0
ASV_895	0	0	0	0	0	26	0	0	0	0
ASV_896	0	0	0	0	0	26	0	0	0	0
ASV_897	0	0	0	0	0	0	26	0	0	0
ASV_898	0	0	0	0	0	0	26	0	0	0
ASV_899	0	0	0	0	0	0	26	0	0	0
ASV_900	0	0	0	0	0	0	0	26	0	0
ASV_901	0	0	0	0	0	0	0	0	26	0
ASV_902	0	0	0	0	0	0	0	0	0	26
ASV_903	0	0	0	0	0	0	0	0	0	26
ASV_904	25	0	0	0	0	0	0	0	0	0
ASV_905	25	0	0	0	0	0	0	0	0	0
ASV_906	25	0	0	0	0	0	0	0	0	0
ASV_907	25	0	0	0	0	0	0	0	0	0
ASV_908	25	0	0	0	0	0	0	0	0	0
ASV_909	0	25	0	0	0	0	0	0	0	0
ASV_910	0	25	0	0	0	0	0	0	0	0
ASV_911	0	0	25	0	0	0	0	0	0	0
ASV_912	0	0	25	0	0	0	0	0	0	0
ASV_913	0	0	25	0	0	0	0	0	0	0
ASV_914	0	0	0	25	0	0	0	0	0	0
ASV_915	0	0	0	25	0	0	0	0	0	0
ASV_916	0	0	0	25	0	0	0	0	0	0
ASV_917	0	0	0	25	0	0	0	0	0	0
ASV_918	0	0	0	25	0	0	0	0	0	0
ASV_919	0	0	0	0	25	0	0	0	0	0
ASV_920	0	0	0	0	25	0	0	0	0	0
ASV_921	0	0	0	0	0	25	0	0	0	0
ASV_922	0	0	0	0	0	25	0	0	0	0
ASV_923	0	0	0	0	0	0	25	0	0	0
ASV_924	0	0	0	0	0	0	25	0	0	0
ASV_925	0	0	0	0	0	0	25	0	0	0
ASV_926	0	0	0	0	0	0	25	0	0	0
ASV_927	0	0	0	0	0	0	0	25	0	0
ASV_928	0	0	0	0	0	0	0	0	25	0
ASV_929	0	0	0	0	0	0	0	0	25	0
ASV_930	0	0	0	0	0	0	0	0	0	25
ASV_931	24	0	0	0	0	0	0	0	0	0
ASV_932	24	0	0	0	0	0	0	0	0	0
ASV_933	24	0	0	0	0	0	0	0	0	0
ASV_934	0	24	0	0	0	0	0	0	0	0
ASV_935	0	24	0	0	0	0	0	0	0	0
ASV_936	0	24	0	0	0	0	0	0	0	0
ASV_937	0	24	0	0	0	0	0	0	0	0
ASV_938	0	0	24	0	0	0	0	0	0	0
ASV_939	0	0	24	0	0	0	0	0	0	0
ASV_940	0	0	24	0	0	0	0	0	0	0
ASV_941	0	0	24	0	0	0	0	0	0	0
ASV_942	0	0	24	0	0	0	0	0	0	0
ASV_943	0	0	24	0	0	0	0	0	0	0
ASV_944	0	0	0	24	0	0	0	0	0	0
ASV_945	0	0	0	24	0	0	0	0	0	0
ASV_946	0	0	0	0	24	0	0	0	0	0
ASV_947	0	0	0	0	24	0	0	0	0	0
ASV_948	0	0	0	0	24	0	0	0	0	0
ASV_949	0	0	0	0	0	24	0	0	0	0
ASV_950	0	0	0	0	0	24	0	0	0	0
ASV_951	0	0	0	0	0	24	0	0	0	0
ASV_952	0	0	0	0	0	24	0	0	0	0
ASV_953	0	0	0	0	0	0	24	0	0	0
ASV_954	0	0	0	0	0	0	24	0	0	0
ASV_955	0	0	0	0	0	0	24	0	0	0
ASV_956	0	0	0	0	0	0	0	24	0	0
ASV_957	0	0	0	0	0	0	0	24	0	0
ASV_958	0	0	0	0	0	0	0	24	0	0
ASV_959	0	0	0	0	0	0	0	24	0	0
ASV_960	0	0	0	0	0	0	0	24	0	0
ASV_961	0	0	0	0	0	0	0	0	24	0
ASV_962	0	0	0	0	0	0	0	0	24	0
ASV_963	0	0	0	0	0	0	0	0	24	0
ASV_964	0	0	0	0	0	0	0	0	0	24
ASV_965	0	0	0	0	0	0	0	0	0	24
ASV_966	23	0	0	0	0	0	0	0	0	0
ASV_967	23	0	0	0	0	0	0	0	0	0
ASV_968	23	0	0	0	0	0	0	0	0	0
ASV_969	23	0	0	0	0	0	0	0	0	0
ASV_970	23	0	0	0	0	0	0	0	0	0
ASV_971	23	0	0	0	0	0	0	0	0	0
ASV_972	0	23	0	0	0	0	0	0	0	0
ASV_973	0	23	0	0	0	0	0	0	0	0
ASV_974	0	23	0	0	0	0	0	0	0	0
ASV_975	0	0	23	0	0	0	0	0	0	0
ASV_976	0	0	23	0	0	0	0	0	0	0
ASV_977	0	0	23	0	0	0	0	0	0	0
ASV_978	0	0	23	0	0	0	0	0	0	0
ASV_979	0	0	23	0	0	0	0	0	0	0
ASV_980	0	0	0	23	0	0	0	0	0	0
ASV_981	0	0	0	13	10	0	0	0	0	0
ASV_982	0	0	0	0	23	0	0	0	0	0
ASV_983	0	0	0	0	23	0	0	0	0	0
ASV_984	0	0	0	0	0	23	0	0	0	0
ASV_985	0	0	0	0	0	23	0	0	0	0
ASV_986	0	0	0	0	0	23	0	0	0	0
ASV_987	0	0	0	0	0	23	0	0	0	0
ASV_988	0	0	0	0	0	0	23	0	0	0
ASV_989	0	0	0	0	0	0	23	0	0	0
ASV_990	0	0	0	0	0	0	23	0	0	0
ASV_991	0	0	0	0	0	0	0	23	0	0
ASV_992	0	0	0	0	0	0	0	0	23	0
ASV_993	0	0	0	0	0	0	0	0	23	0
ASV_994	0	0	0	0	0	0	0	0	23	0
ASV_995	0	0	0	0	0	0	0	0	23	0
ASV_996	22	0	0	0	0	0	0	0	0	0
ASV_997	0	22	0	0	0	0	0	0	0	0
ASV_998	0	22	0	0	0	0	0	0	0	0
ASV_999	0	22	0	0	0	0	0	0	0	0
ASV_1000	0	22	0	0	0	0	0	0	0	0
ASV_1001	0	22	0	0	0	0	0	0	0	0
ASV_1002	0	22	0	0	0	0	0	0	0	0
ASV_1003	0	22	0	0	0	0	0	0	0	0
ASV_1004	0	13	9	0	0	0	0	0	0	0
ASV_1005	0	0	22	0	0	0	0	0	0	0
ASV_1006	0	0	22	0	0	0	0	0	0	0
ASV_1007	0	0	22	0	0	0	0	0	0	0
ASV_1008	0	0	22	0	0	0	0	0	0	0
ASV_1009	0	0	22	0	0	0	0	0	0	0
ASV_1010	0	0	0	22	0	0	0	0	0	0
ASV_1011	0	0	0	22	0	0	0	0	0	0
ASV_1012	0	0	0	22	0	0	0	0	0	0
ASV_1013	0	0	0	22	0	0	0	0	0	0
ASV_1014	0	0	0	22	0	0	0	0	0	0
ASV_1015	0	0	0	22	0	0	0	0	0	0
ASV_1016	0	0	0	0	22	0	0	0	0	0
ASV_1017	0	0	0	0	22	0	0	0	0	0
ASV_1018	0	0	0	0	22	0	0	0	0	0
ASV_1019	0	0	0	0	22	0	0	0	0	0
ASV_1020	0	0	0	0	22	0	0	0	0	0
ASV_1021	0	0	0	0	0	22	0	0	0	0
ASV_1022	0	0	0	0	0	22	0	0	0	0
ASV_1023	0	0	0	0	0	22	0	0	0	0
ASV_1024	0	0	0	0	0	0	22	0	0	0
ASV_1025	0	0	0	0	0	0	22	0	0	0
ASV_1026	0	0	0	0	0	0	0	22	0	0
ASV_1027	0	0	0	0	0	0	0	22	0	0
ASV_1028	0	0	0	0	0	0	0	0	22	0
ASV_1029	0	0	0	0	0	0	0	0	22	0
ASV_1030	0	0	0	0	0	0	0	0	22	0
ASV_1031	0	0	0	0	0	0	0	0	0	22
ASV_1032	0	0	0	0	0	0	0	0	0	22
ASV_1033	0	0	0	0	0	0	0	0	0	22
ASV_1034	0	0	0	0	0	0	0	0	0	22
ASV_1035	0	0	0	0	0	0	0	0	0	22
ASV_1036	0	0	0	0	0	0	0	0	0	22
ASV_1037	0	0	0	0	0	0	0	0	0	22
ASV_1038	21	0	0	0	0	0	0	0	0	0
ASV_1039	0	21	0	0	0	0	0	0	0	0
ASV_1040	0	21	0	0	0	0	0	0	0	0
ASV_1041	0	21	0	0	0	0	0	0	0	0
ASV_1042	0	21	0	0	0	0	0	0	0	0
ASV_1043	0	21	0	0	0	0	0	0	0	0
ASV_1044	0	21	0	0	0	0	0	0	0	0
ASV_1045	0	21	0	0	0	0	0	0	0	0
ASV_1046	0	0	21	0	0	0	0	0	0	0
ASV_1047	0	0	21	0	0	0	0	0	0	0
ASV_1048	0	0	21	0	0	0	0	0	0	0
ASV_1049	0	0	0	21	0	0	0	0	0	0
ASV_1050	0	0	0	21	0	0	0	0	0	0
ASV_1051	0	0	0	21	0	0	0	0	0	0
ASV_1052	0	0	0	21	0	0	0	0	0	0
ASV_1053	0	0	0	0	21	0	0	0	0	0
ASV_1054	0	0	0	0	21	0	0	0	0	0
ASV_1055	0	0	0	0	21	0	0	0	0	0
ASV_1056	0	0	0	0	21	0	0	0	0	0
ASV_1057	0	0	0	0	0	21	0	0	0	0
ASV_1058	0	0	0	0	0	21	0	0	0	0
ASV_1059	0	0	0	0	0	21	0	0	0	0
ASV_1060	0	0	0	0	0	21	0	0	0	0
ASV_1061	0	0	0	0	0	0	21	0	0	0
ASV_1062	0	0	0	0	0	0	0	0	21	0
ASV_1063	0	0	0	0	0	0	0	0	21	0
ASV_1064	0	0	0	0	0	0	0	0	21	0
ASV_1065	0	0	0	0	0	0	0	0	0	21
ASV_1066	0	0	0	0	0	0	0	0	0	21
ASV_1067	0	0	0	0	0	0	0	0	0	21
ASV_1068	0	0	0	0	0	0	0	0	0	21
ASV_1069	0	0	0	0	0	0	0	0	0	21
ASV_1070	20	0	0	0	0	0	0	0	0	0
ASV_1071	20	0	0	0	0	0	0	0	0	0
ASV_1072	20	0	0	0	0	0	0	0	0	0
ASV_1073	20	0	0	0	0	0	0	0	0	0
ASV_1074	0	20	0	0	0	0	0	0	0	0
ASV_1075	0	20	0	0	0	0	0	0	0	0
ASV_1076	0	20	0	0	0	0	0	0	0	0
ASV_1077	0	0	20	0	0	0	0	0	0	0
ASV_1078	0	0	20	0	0	0	0	0	0	0
ASV_1079	0	0	0	20	0	0	0	0	0	0
ASV_1080	0	0	0	20	0	0	0	0	0	0
ASV_1081	0	0	0	20	0	0	0	0	0	0
ASV_1082	0	0	0	0	20	0	0	0	0	0
ASV_1083	0	0	0	0	0	20	0	0	0	0
ASV_1084	0	0	0	0	0	0	20	0	0	0
ASV_1085	0	0	0	0	0	0	20	0	0	0
ASV_1086	0	0	0	0	0	0	20	0	0	0
ASV_1087	0	0	0	0	0	0	0	20	0	0
ASV_1088	0	0	0	0	0	0	0	0	20	0
ASV_1089	0	0	0	0	0	0	0	0	20	0
ASV_1090	0	0	0	0	0	0	0	0	20	0
ASV_1091	0	0	0	0	0	0	0	0	20	0
ASV_1092	0	0	0	0	0	0	0	0	20	0
ASV_1093	0	0	0	0	0	0	0	0	20	0
ASV_1094	0	0	0	0	0	0	0	0	20	0
ASV_1095	0	0	0	0	0	0	0	0	0	20
ASV_1096	0	0	0	0	0	0	0	0	0	20
ASV_1097	0	0	0	0	0	0	0	0	0	20
ASV_1098	0	0	0	0	0	0	0	0	0	20
ASV_1099	19	0	0	0	0	0	0	0	0	0
ASV_1100	19	0	0	0	0	0	0	0	0	0
ASV_1101	19	0	0	0	0	0	0	0	0	0
ASV_1102	19	0	0	0	0	0	0	0	0	0
ASV_1103	19	0	0	0	0	0	0	0	0	0
ASV_1104	19	0	0	0	0	0	0	0	0	0
ASV_1105	0	19	0	0	0	0	0	0	0	0
ASV_1106	0	19	0	0	0	0	0	0	0	0
ASV_1107	0	19	0	0	0	0	0	0	0	0
ASV_1108	0	19	0	0	0	0	0	0	0	0
ASV_1109	0	19	0	0	0	0	0	0	0	0
ASV_1110	0	19	0	0	0	0	0	0	0	0
ASV_1111	0	13	6	0	0	0	0	0	0	0
ASV_1112	0	0	19	0	0	0	0	0	0	0
ASV_1113	0	0	19	0	0	0	0	0	0	0
ASV_1114	0	0	19	0	0	0	0	0	0	0
ASV_1115	0	0	19	0	0	0	0	0	0	0
ASV_1116	0	0	19	0	0	0	0	0	0	0
ASV_1117	0	0	19	0	0	0	0	0	0	0
ASV_1118	0	0	19	0	0	0	0	0	0	0
ASV_1119	0	0	0	19	0	0	0	0	0	0
ASV_1120	0	0	0	19	0	0	0	0	0	0
ASV_1121	0	0	0	19	0	0	0	0	0	0
ASV_1122	0	0	0	19	0	0	0	0	0	0
ASV_1123	0	0	0	19	0	0	0	0	0	0
ASV_1124	0	0	0	0	19	0	0	0	0	0
ASV_1125	0	0	0	0	19	0	0	0	0	0
ASV_1126	0	0	0	0	19	0	0	0	0	0
ASV_1127	0	0	0	0	19	0	0	0	0	0
ASV_1128	0	0	0	0	0	19	0	0	0	0
ASV_1129	0	0	0	0	0	19	0	0	0	0
ASV_1130	0	0	0	0	0	19	0	0	0	0
ASV_1131	0	0	0	0	0	0	19	0	0	0
ASV_1132	0	0	0	0	0	0	19	0	0	0
ASV_1133	0	0	0	0	0	0	19	0	0	0
ASV_1134	0	0	0	0	0	0	19	0	0	0
ASV_1135	0	0	0	0	0	0	19	0	0	0
ASV_1136	0	0	0	0	0	0	19	0	0	0
ASV_1137	0	0	0	0	0	0	19	0	0	0
ASV_1138	0	0	0	0	0	0	0	19	0	0
ASV_1139	0	0	0	0	0	0	0	19	0	0
ASV_1140	0	0	0	0	0	0	0	0	19	0
ASV_1141	0	0	0	0	0	0	0	0	19	0
ASV_1142	0	0	0	0	0	0	0	0	19	0
ASV_1143	0	0	0	0	0	0	0	0	19	0
ASV_1144	0	0	0	0	0	0	0	0	19	0
ASV_1145	0	0	0	0	0	0	0	0	0	19
ASV_1146	0	0	0	0	0	0	0	0	0	19
ASV_1147	0	0	0	0	0	0	0	0	0	19
ASV_1148	0	0	0	0	0	0	0	0	0	19
ASV_1149	18	0	0	0	0	0	0	0	0	0
ASV_1150	18	0	0	0	0	0	0	0	0	0
ASV_1151	18	0	0	0	0	0	0	0	0	0
ASV_1152	18	0	0	0	0	0	0	0	0	0
ASV_1153	18	0	0	0	0	0	0	0	0	0
ASV_1154	11	0	7	0	0	0	0	0	0	0
ASV_1155	0	18	0	0	0	0	0	0	0	0
ASV_1156	0	18	0	0	0	0	0	0	0	0
ASV_1157	0	18	0	0	0	0	0	0	0	0
ASV_1158	0	18	0	0	0	0	0	0	0	0
ASV_1159	0	18	0	0	0	0	0	0	0	0
ASV_1160	0	18	0	0	0	0	0	0	0	0
ASV_1161	0	18	0	0	0	0	0	0	0	0
ASV_1162	0	18	0	0	0	0	0	0	0	0
ASV_1163	0	0	18	0	0	0	0	0	0	0
ASV_1164	0	0	18	0	0	0	0	0	0	0
ASV_1165	0	0	18	0	0	0	0	0	0	0
ASV_1166	0	0	18	0	0	0	0	0	0	0
ASV_1167	0	0	18	0	0	0	0	0	0	0
ASV_1168	0	0	18	0	0	0	0	0	0	0
ASV_1169	0	0	18	0	0	0	0	0	0	0
ASV_1170	0	0	18	0	0	0	0	0	0	0
ASV_1171	0	0	18	0	0	0	0	0	0	0
ASV_1172	0	0	0	18	0	0	0	0	0	0
ASV_1173	0	0	0	18	0	0	0	0	0	0
ASV_1174	0	0	0	18	0	0	0	0	0	0
ASV_1175	0	0	0	18	0	0	0	0	0	0
ASV_1176	0	0	0	18	0	0	0	0	0	0
ASV_1177	0	0	0	18	0	0	0	0	0	0
ASV_1178	0	0	0	0	18	0	0	0	0	0
ASV_1179	0	0	0	0	18	0	0	0	0	0
ASV_1180	0	0	0	0	18	0	0	0	0	0
ASV_1181	0	0	0	0	0	0	18	0	0	0
ASV_1182	0	0	0	0	0	0	18	0	0	0
ASV_1183	0	0	0	0	0	0	0	18	0	0
ASV_1184	0	0	0	0	0	0	0	0	18	0
ASV_1185	0	0	0	0	0	0	0	0	18	0
ASV_1186	0	0	0	0	0	0	0	0	18	0
ASV_1187	0	0	0	0	0	0	0	0	18	0
ASV_1188	0	0	0	0	0	0	0	0	18	0
ASV_1189	0	0	0	0	0	0	0	0	18	0
ASV_1190	0	0	0	0	0	0	0	0	18	0
ASV_1191	0	0	0	0	0	0	0	0	0	18
ASV_1192	0	0	0	0	0	0	0	0	0	18
ASV_1193	0	0	0	0	0	0	0	0	0	18
ASV_1194	17	0	0	0	0	0	0	0	0	0
ASV_1195	17	0	0	0	0	0	0	0	0	0
ASV_1196	17	0	0	0	0	0	0	0	0	0
ASV_1197	17	0	0	0	0	0	0	0	0	0
ASV_1198	17	0	0	0	0	0	0	0	0	0
ASV_1199	17	0	0	0	0	0	0	0	0	0
ASV_1200	17	0	0	0	0	0	0	0	0	0
ASV_1201	17	0	0	0	0	0	0	0	0	0
ASV_1202	17	0	0	0	0	0	0	0	0	0
ASV_1203	17	0	0	0	0	0	0	0	0	0
ASV_1204	17	0	0	0	0	0	0	0	0	0
ASV_1205	17	0	0	0	0	0	0	0	0	0
ASV_1206	17	0	0	0	0	0	0	0	0	0
ASV_1207	17	0	0	0	0	0	0	0	0	0
ASV_1208	5	12	0	0	0	0	0	0	0	0
ASV_1209	0	17	0	0	0	0	0	0	0	0
ASV_1210	0	17	0	0	0	0	0	0	0	0
ASV_1211	0	17	0	0	0	0	0	0	0	0
ASV_1212	0	17	0	0	0	0	0	0	0	0
ASV_1213	0	17	0	0	0	0	0	0	0	0
ASV_1214	0	17	0	0	0	0	0	0	0	0
ASV_1215	0	17	0	0	0	0	0	0	0	0
ASV_1216	0	17	0	0	0	0	0	0	0	0
ASV_1217	0	17	0	0	0	0	0	0	0	0
ASV_1218	0	0	17	0	0	0	0	0	0	0
ASV_1219	0	0	17	0	0	0	0	0	0	0
ASV_1220	0	0	17	0	0	0	0	0	0	0
ASV_1221	0	0	17	0	0	0	0	0	0	0
ASV_1222	0	0	17	0	0	0	0	0	0	0
ASV_1223	0	0	0	17	0	0	0	0	0	0
ASV_1224	0	0	0	17	0	0	0	0	0	0
ASV_1225	0	0	0	0	17	0	0	0	0	0
ASV_1226	0	0	0	0	0	17	0	0	0	0
ASV_1227	0	0	0	0	0	17	0	0	0	0
ASV_1228	0	0	0	0	0	0	17	0	0	0
ASV_1229	0	0	0	0	0	0	17	0	0	0
ASV_1230	0	0	0	0	0	0	17	0	0	0
ASV_1231	0	0	0	0	0	0	17	0	0	0
ASV_1232	0	0	0	0	0	0	0	17	0	0
ASV_1233	0	0	0	0	0	0	0	0	17	0
ASV_1234	0	0	0	0	0	0	0	0	17	0
ASV_1235	0	0	0	0	0	0	0	0	17	0
ASV_1236	0	0	0	0	0	0	0	0	0	17
ASV_1237	0	0	0	0	0	0	0	0	0	17
ASV_1238	0	0	0	0	0	0	0	0	0	17
ASV_1239	0	0	0	0	0	0	0	0	0	17
ASV_1240	0	0	0	0	0	0	0	0	0	17
ASV_1241	16	0	0	0	0	0	0	0	0	0
ASV_1242	16	0	0	0	0	0	0	0	0	0
ASV_1243	16	0	0	0	0	0	0	0	0	0
ASV_1244	16	0	0	0	0	0	0	0	0	0
ASV_1245	16	0	0	0	0	0	0	0	0	0
ASV_1246	16	0	0	0	0	0	0	0	0	0
ASV_1247	16	0	0	0	0	0	0	0	0	0
ASV_1248	16	0	0	0	0	0	0	0	0	0
ASV_1249	0	16	0	0	0	0	0	0	0	0
ASV_1250	0	16	0	0	0	0	0	0	0	0
ASV_1251	0	16	0	0	0	0	0	0	0	0
ASV_1252	0	16	0	0	0	0	0	0	0	0
ASV_1253	0	16	0	0	0	0	0	0	0	0
ASV_1254	0	0	16	0	0	0	0	0	0	0
ASV_1255	0	0	16	0	0	0	0	0	0	0
ASV_1256	0	0	16	0	0	0	0	0	0	0
ASV_1257	0	0	16	0	0	0	0	0	0	0
ASV_1258	0	0	16	0	0	0	0	0	0	0
ASV_1259	0	0	16	0	0	0	0	0	0	0
ASV_1260	0	0	16	0	0	0	0	0	0	0
ASV_1261	0	0	0	16	0	0	0	0	0	0
ASV_1262	0	0	0	16	0	0	0	0	0	0
ASV_1263	0	0	0	16	0	0	0	0	0	0
ASV_1264	0	0	0	0	16	0	0	0	0	0
ASV_1265	0	0	0	0	16	0	0	0	0	0
ASV_1266	0	0	0	0	16	0	0	0	0	0
ASV_1267	0	0	0	0	0	16	0	0	0	0
ASV_1268	0	0	0	0	0	16	0	0	0	0
ASV_1269	0	0	0	0	0	16	0	0	0	0
ASV_1270	0	0	0	0	0	0	16	0	0	0
ASV_1271	0	0	0	0	0	0	16	0	0	0
ASV_1272	0	0	0	0	0	0	16	0	0	0
ASV_1273	0	0	0	0	0	0	16	0	0	0
ASV_1274	0	0	0	0	0	0	0	16	0	0
ASV_1275	0	0	0	0	0	0	0	16	0	0
ASV_1276	0	0	0	0	0	0	0	0	16	0
ASV_1277	0	0	0	0	0	0	0	0	16	0
ASV_1278	0	0	0	0	0	0	0	0	16	0
ASV_1279	0	0	0	0	0	0	0	0	16	0
ASV_1280	0	0	0	0	0	0	0	0	16	0
ASV_1281	0	0	0	0	0	0	0	0	0	16
ASV_1282	0	0	0	0	0	0	0	0	0	16
ASV_1283	0	0	0	0	0	0	0	0	0	16
ASV_1284	0	0	0	0	0	0	0	0	0	16
ASV_1285	15	0	0	0	0	0	0	0	0	0
ASV_1286	15	0	0	0	0	0	0	0	0	0
ASV_1287	15	0	0	0	0	0	0	0	0	0
ASV_1288	15	0	0	0	0	0	0	0	0	0
ASV_1289	6	4	5	0	0	0	0	0	0	0
ASV_1290	0	15	0	0	0	0	0	0	0	0
ASV_1291	0	15	0	0	0	0	0	0	0	0
ASV_1292	0	15	0	0	0	0	0	0	0	0
ASV_1293	0	15	0	0	0	0	0	0	0	0
ASV_1294	0	15	0	0	0	0	0	0	0	0
ASV_1295	0	15	0	0	0	0	0	0	0	0
ASV_1296	0	15	0	0	0	0	0	0	0	0
ASV_1297	0	15	0	0	0	0	0	0	0	0
ASV_1298	0	15	0	0	0	0	0	0	0	0
ASV_1299	0	15	0	0	0	0	0	0	0	0
ASV_1300	0	15	0	0	0	0	0	0	0	0
ASV_1301	0	15	0	0	0	0	0	0	0	0
ASV_1302	0	0	15	0	0	0	0	0	0	0
ASV_1303	0	0	15	0	0	0	0	0	0	0
ASV_1304	0	0	15	0	0	0	0	0	0	0
ASV_1305	0	0	15	0	0	0	0	0	0	0
ASV_1306	0	0	15	0	0	0	0	0	0	0
ASV_1307	0	0	15	0	0	0	0	0	0	0
ASV_1308	0	0	15	0	0	0	0	0	0	0
ASV_1309	0	0	15	0	0	0	0	0	0	0
ASV_1310	0	0	15	0	0	0	0	0	0	0
ASV_1311	0	0	0	15	0	0	0	0	0	0
ASV_1312	0	0	0	0	15	0	0	0	0	0
ASV_1313	0	0	0	0	15	0	0	0	0	0
ASV_1314	0	0	0	0	15	0	0	0	0	0
ASV_1315	0	0	0	0	0	15	0	0	0	0
ASV_1316	0	0	0	0	0	15	0	0	0	0
ASV_1317	0	0	0	0	0	0	15	0	0	0
ASV_1318	0	0	0	0	0	0	0	15	0	0
ASV_1319	0	0	0	0	0	0	0	0	15	0
ASV_1320	0	0	0	0	0	0	0	0	15	0
ASV_1321	0	0	0	0	0	0	0	0	15	0
ASV_1322	0	0	0	0	0	0	0	0	15	0
ASV_1323	0	0	0	0	0	0	0	0	15	0
ASV_1324	0	0	0	0	0	0	0	0	15	0
ASV_1325	0	0	0	0	0	0	0	0	15	0
ASV_1326	0	0	0	0	0	0	0	0	0	15
ASV_1327	0	0	0	0	0	0	0	0	0	15
ASV_1328	0	0	0	0	0	0	0	0	0	15
ASV_1329	0	0	0	0	0	0	0	0	0	15
ASV_1330	0	0	0	0	0	0	0	0	0	15
ASV_1331	0	0	0	0	0	0	0	0	0	15
ASV_1332	0	0	0	0	0	0	0	0	0	15
ASV_1333	14	0	0	0	0	0	0	0	0	0
ASV_1334	14	0	0	0	0	0	0	0	0	0
ASV_1335	6	5	3	0	0	0	0	0	0	0
ASV_1336	0	14	0	0	0	0	0	0	0	0
ASV_1337	0	14	0	0	0	0	0	0	0	0
ASV_1338	0	14	0	0	0	0	0	0	0	0
ASV_1339	0	14	0	0	0	0	0	0	0	0
ASV_1340	0	14	0	0	0	0	0	0	0	0
ASV_1341	0	14	0	0	0	0	0	0	0	0
ASV_1342	0	14	0	0	0	0	0	0	0	0
ASV_1343	0	14	0	0	0	0	0	0	0	0
ASV_1344	0	14	0	0	0	0	0	0	0	0
ASV_1345	0	0	14	0	0	0	0	0	0	0
ASV_1346	0	0	14	0	0	0	0	0	0	0
ASV_1347	0	0	14	0	0	0	0	0	0	0
ASV_1348	0	0	14	0	0	0	0	0	0	0
ASV_1349	0	0	14	0	0	0	0	0	0	0
ASV_1350	0	0	14	0	0	0	0	0	0	0
ASV_1351	0	0	14	0	0	0	0	0	0	0
ASV_1352	0	0	0	14	0	0	0	0	0	0
ASV_1353	0	0	0	14	0	0	0	0	0	0
ASV_1354	0	0	0	14	0	0	0	0	0	0
ASV_1355	0	0	0	0	14	0	0	0	0	0
ASV_1356	0	0	0	0	14	0	0	0	0	0
ASV_1357	0	0	0	0	14	0	0	0	0	0
ASV_1358	0	0	0	0	14	0	0	0	0	0
ASV_1359	0	0	0	0	14	0	0	0	0	0
ASV_1360	0	0	0	0	14	0	0	0	0	0
ASV_1361	0	0	0	0	14	0	0	0	0	0
ASV_1362	0	0	0	0	0	14	0	0	0	0
ASV_1363	0	0	0	0	0	14	0	0	0	0
ASV_1364	0	0	0	0	0	14	0	0	0	0
ASV_1365	0	0	0	0	0	0	14	0	0	0
ASV_1366	0	0	0	0	0	0	14	0	0	0
ASV_1367	0	0	0	0	0	0	14	0	0	0
ASV_1368	0	0	0	0	0	0	0	14	0	0
ASV_1369	0	0	0	0	0	0	0	14	0	0
ASV_1370	0	0	0	0	0	0	0	14	0	0
ASV_1371	0	0	0	0	0	0	0	0	14	0
ASV_1372	0	0	0	0	0	0	0	0	0	14
ASV_1373	0	0	0	0	0	0	0	0	0	14
ASV_1374	0	0	0	0	0	0	0	0	0	14
ASV_1375	0	0	0	0	0	0	0	0	0	14
ASV_1376	0	0	0	0	0	0	0	0	0	14
ASV_1377	0	0	0	0	0	0	0	0	0	14
ASV_1378	13	0	0	0	0	0	0	0	0	0
ASV_1379	13	0	0	0	0	0	0	0	0	0
ASV_1380	13	0	0	0	0	0	0	0	0	0
ASV_1381	13	0	0	0	0	0	0	0	0	0
ASV_1382	13	0	0	0	0	0	0	0	0	0
ASV_1383	13	0	0	0	0	0	0	0	0	0
ASV_1384	0	13	0	0	0	0	0	0	0	0
ASV_1385	0	13	0	0	0	0	0	0	0	0
ASV_1386	0	13	0	0	0	0	0	0	0	0
ASV_1387	0	13	0	0	0	0	0	0	0	0
ASV_1388	0	13	0	0	0	0	0	0	0	0
ASV_1389	0	13	0	0	0	0	0	0	0	0
ASV_1390	0	13	0	0	0	0	0	0	0	0
ASV_1391	0	13	0	0	0	0	0	0	0	0
ASV_1392	0	13	0	0	0	0	0	0	0	0
ASV_1393	0	13	0	0	0	0	0	0	0	0
ASV_1394	0	13	0	0	0	0	0	0	0	0
ASV_1395	0	13	0	0	0	0	0	0	0	0
ASV_1396	0	13	0	0	0	0	0	0	0	0
ASV_1397	0	13	0	0	0	0	0	0	0	0
ASV_1398	0	0	13	0	0	0	0	0	0	0
ASV_1399	0	0	13	0	0	0	0	0	0	0
ASV_1400	0	0	13	0	0	0	0	0	0	0
ASV_1401	0	0	13	0	0	0	0	0	0	0
ASV_1402	0	0	13	0	0	0	0	0	0	0
ASV_1403	0	0	13	0	0	0	0	0	0	0
ASV_1404	0	0	13	0	0	0	0	0	0	0
ASV_1405	0	0	13	0	0	0	0	0	0	0
ASV_1406	0	0	13	0	0	0	0	0	0	0
ASV_1407	0	0	13	0	0	0	0	0	0	0
ASV_1408	0	0	0	13	0	0	0	0	0	0
ASV_1409	0	0	0	13	0	0	0	0	0	0
ASV_1410	0	0	0	0	13	0	0	0	0	0
ASV_1411	0	0	0	0	0	13	0	0	0	0
ASV_1412	0	0	0	0	0	13	0	0	0	0
ASV_1413	0	0	0	0	0	0	13	0	0	0
ASV_1414	0	0	0	0	0	0	13	0	0	0
ASV_1415	0	0	0	0	0	0	13	0	0	0
ASV_1416	0	0	0	0	0	0	0	13	0	0
ASV_1417	0	0	0	0	0	0	0	13	0	0
ASV_1418	0	0	0	0	0	0	0	13	0	0
ASV_1419	0	0	0	0	0	0	0	0	13	0
ASV_1420	0	0	0	0	0	0	0	0	13	0
ASV_1421	0	0	0	0	0	0	0	0	13	0
ASV_1422	0	0	0	0	0	0	0	0	0	13
ASV_1423	0	0	0	0	0	0	0	0	0	13
ASV_1424	12	0	0	0	0	0	0	0	0	0
ASV_1425	12	0	0	0	0	0	0	0	0	0
ASV_1426	12	0	0	0	0	0	0	0	0	0
ASV_1427	12	0	0	0	0	0	0	0	0	0
ASV_1428	12	0	0	0	0	0	0	0	0	0
ASV_1429	12	0	0	0	0	0	0	0	0	0
ASV_1430	12	0	0	0	0	0	0	0	0	0
ASV_1431	12	0	0	0	0	0	0	0	0	0
ASV_1432	12	0	0	0	0	0	0	0	0	0
ASV_1433	12	0	0	0	0	0	0	0	0	0
ASV_1434	12	0	0	0	0	0	0	0	0	0
ASV_1435	0	12	0	0	0	0	0	0	0	0
ASV_1436	0	12	0	0	0	0	0	0	0	0
ASV_1437	0	12	0	0	0	0	0	0	0	0
ASV_1438	0	12	0	0	0	0	0	0	0	0
ASV_1439	0	12	0	0	0	0	0	0	0	0
ASV_1440	0	12	0	0	0	0	0	0	0	0
ASV_1441	0	12	0	0	0	0	0	0	0	0
ASV_1442	0	12	0	0	0	0	0	0	0	0
ASV_1443	0	12	0	0	0	0	0	0	0	0
ASV_1444	0	0	12	0	0	0	0	0	0	0
ASV_1445	0	0	12	0	0	0	0	0	0	0
ASV_1446	0	0	12	0	0	0	0	0	0	0
ASV_1447	0	0	12	0	0	0	0	0	0	0
ASV_1448	0	0	12	0	0	0	0	0	0	0
ASV_1449	0	0	12	0	0	0	0	0	0	0
ASV_1450	0	0	0	12	0	0	0	0	0	0
ASV_1451	0	0	0	12	0	0	0	0	0	0
ASV_1452	0	0	0	6	6	0	0	0	0	0
ASV_1453	0	0	0	0	12	0	0	0	0	0
ASV_1454	0	0	0	0	12	0	0	0	0	0
ASV_1455	0	0	0	0	12	0	0	0	0	0
ASV_1456	0	0	0	0	12	0	0	0	0	0
ASV_1457	0	0	0	0	0	12	0	0	0	0
ASV_1458	0	0	0	0	0	0	12	0	0	0
ASV_1459	0	0	0	0	0	0	12	0	0	0
ASV_1460	0	0	0	0	0	0	12	0	0	0
ASV_1461	0	0	0	0	0	0	0	0	12	0
ASV_1462	0	0	0	0	0	0	0	0	12	0
ASV_1463	0	0	0	0	0	0	0	0	12	0
ASV_1464	0	0	0	0	0	0	0	0	0	12
ASV_1465	0	0	0	0	0	0	0	0	0	12
ASV_1466	0	0	0	0	0	0	0	0	0	12
ASV_1467	0	0	0	0	0	0	0	0	0	12
ASV_1468	11	0	0	0	0	0	0	0	0	0
ASV_1469	11	0	0	0	0	0	0	0	0	0
ASV_1470	11	0	0	0	0	0	0	0	0	0
ASV_1471	11	0	0	0	0	0	0	0	0	0
ASV_1472	11	0	0	0	0	0	0	0	0	0
ASV_1473	11	0	0	0	0	0	0	0	0	0
ASV_1474	11	0	0	0	0	0	0	0	0	0
ASV_1475	11	0	0	0	0	0	0	0	0	0
ASV_1476	11	0	0	0	0	0	0	0	0	0
ASV_1477	0	11	0	0	0	0	0	0	0	0
ASV_1478	0	11	0	0	0	0	0	0	0	0
ASV_1479	0	11	0	0	0	0	0	0	0	0
ASV_1480	0	11	0	0	0	0	0	0	0	0
ASV_1481	0	11	0	0	0	0	0	0	0	0
ASV_1482	0	11	0	0	0	0	0	0	0	0
ASV_1483	0	11	0	0	0	0	0	0	0	0
ASV_1484	0	11	0	0	0	0	0	0	0	0
ASV_1485	0	11	0	0	0	0	0	0	0	0
ASV_1486	0	11	0	0	0	0	0	0	0	0
ASV_1487	0	11	0	0	0	0	0	0	0	0
ASV_1488	0	0	11	0	0	0	0	0	0	0
ASV_1489	0	0	11	0	0	0	0	0	0	0
ASV_1490	0	0	11	0	0	0	0	0	0	0
ASV_1491	0	0	11	0	0	0	0	0	0	0
ASV_1492	0	0	11	0	0	0	0	0	0	0
ASV_1493	0	0	0	11	0	0	0	0	0	0
ASV_1494	0	0	0	11	0	0	0	0	0	0
ASV_1495	0	0	0	11	0	0	0	0	0	0
ASV_1496	0	0	0	11	0	0	0	0	0	0
ASV_1497	0	0	0	11	0	0	0	0	0	0
ASV_1498	0	0	0	0	11	0	0	0	0	0
ASV_1499	0	0	0	0	11	0	0	0	0	0
ASV_1500	0	0	0	0	0	11	0	0	0	0
ASV_1501	0	0	0	0	0	0	11	0	0	0
ASV_1502	0	0	0	0	0	0	0	11	0	0
ASV_1503	0	0	0	0	0	0	0	11	0	0
ASV_1504	0	0	0	0	0	0	0	0	11	0
ASV_1505	0	0	0	0	0	0	0	0	11	0
ASV_1506	0	0	0	0	0	0	0	0	11	0
ASV_1507	0	0	0	0	0	0	0	0	11	0
ASV_1508	0	0	0	0	0	0	0	0	11	0
ASV_1509	0	0	0	0	0	0	0	0	0	11
ASV_1510	0	0	0	0	0	0	0	0	0	11
ASV_1511	10	0	0	0	0	0	0	0	0	0
ASV_1512	10	0	0	0	0	0	0	0	0	0
ASV_1513	10	0	0	0	0	0	0	0	0	0
ASV_1514	10	0	0	0	0	0	0	0	0	0
ASV_1515	10	0	0	0	0	0	0	0	0	0
ASV_1516	10	0	0	0	0	0	0	0	0	0
ASV_1517	10	0	0	0	0	0	0	0	0	0
ASV_1518	10	0	0	0	0	0	0	0	0	0
ASV_1519	10	0	0	0	0	0	0	0	0	0
ASV_1520	10	0	0	0	0	0	0	0	0	0
ASV_1521	10	0	0	0	0	0	0	0	0	0
ASV_1522	10	0	0	0	0	0	0	0	0	0
ASV_1523	10	0	0	0	0	0	0	0	0	0
ASV_1524	5	4	1	0	0	0	0	0	0	0
ASV_1525	0	10	0	0	0	0	0	0	0	0
ASV_1526	0	10	0	0	0	0	0	0	0	0
ASV_1527	0	10	0	0	0	0	0	0	0	0
ASV_1528	0	10	0	0	0	0	0	0	0	0
ASV_1529	0	10	0	0	0	0	0	0	0	0
ASV_1530	0	10	0	0	0	0	0	0	0	0
ASV_1531	0	10	0	0	0	0	0	0	0	0
ASV_1532	0	10	0	0	0	0	0	0	0	0
ASV_1533	0	0	10	0	0	0	0	0	0	0
ASV_1534	0	0	10	0	0	0	0	0	0	0
ASV_1535	0	0	10	0	0	0	0	0	0	0
ASV_1536	0	0	10	0	0	0	0	0	0	0
ASV_1537	0	0	10	0	0	0	0	0	0	0
ASV_1538	0	0	10	0	0	0	0	0	0	0
ASV_1539	0	0	10	0	0	0	0	0	0	0
ASV_1540	0	0	10	0	0	0	0	0	0	0
ASV_1541	0	0	10	0	0	0	0	0	0	0
ASV_1542	0	0	10	0	0	0	0	0	0	0
ASV_1543	0	0	10	0	0	0	0	0	0	0
ASV_1544	0	0	10	0	0	0	0	0	0	0
ASV_1545	0	0	0	10	0	0	0	0	0	0
ASV_1546	0	0	0	0	10	0	0	0	0	0
ASV_1547	0	0	0	0	10	0	0	0	0	0
ASV_1548	0	0	0	0	10	0	0	0	0	0
ASV_1549	0	0	0	0	10	0	0	0	0	0
ASV_1550	0	0	0	0	0	10	0	0	0	0
ASV_1551	0	0	0	0	0	0	10	0	0	0
ASV_1552	0	0	0	0	0	0	10	0	0	0
ASV_1553	0	0	0	0	0	0	0	10	0	0
ASV_1554	0	0	0	0	0	0	0	0	10	0
ASV_1555	0	0	0	0	0	0	0	0	10	0
ASV_1556	0	0	0	0	0	0	0	0	10	0
ASV_1557	0	0	0	0	0	0	0	0	10	0
ASV_1558	0	0	0	0	0	0	0	0	10	0
ASV_1559	0	0	0	0	0	0	0	0	10	0
ASV_1560	0	0	0	0	0	0	0	0	10	0
ASV_1561	0	0	0	0	0	0	0	0	0	10
ASV_1562	0	0	0	0	0	0	0	0	0	10
ASV_1563	0	0	0	0	0	0	0	0	0	10
ASV_1564	0	0	0	0	0	0	0	0	0	10
ASV_1565	0	0	0	0	0	0	0	0	0	10
ASV_1566	0	0	0	0	0	0	0	0	0	10
ASV_1567	0	0	0	0	0	0	0	0	0	10
ASV_1568	0	0	0	0	0	0	0	0	0	10
ASV_1569	0	0	0	0	0	0	0	0	0	10
ASV_1570	9	0	0	0	0	0	0	0	0	0
ASV_1571	9	0	0	0	0	0	0	0	0	0
ASV_1572	9	0	0	0	0	0	0	0	0	0
ASV_1573	9	0	0	0	0	0	0	0	0	0
ASV_1574	9	0	0	0	0	0	0	0	0	0
ASV_1575	9	0	0	0	0	0	0	0	0	0
ASV_1576	9	0	0	0	0	0	0	0	0	0
ASV_1577	9	0	0	0	0	0	0	0	0	0
ASV_1578	4	5	0	0	0	0	0	0	0	0
ASV_1579	0	9	0	0	0	0	0	0	0	0
ASV_1580	0	9	0	0	0	0	0	0	0	0
ASV_1581	0	9	0	0	0	0	0	0	0	0
ASV_1582	0	9	0	0	0	0	0	0	0	0
ASV_1583	0	9	0	0	0	0	0	0	0	0
ASV_1584	0	9	0	0	0	0	0	0	0	0
ASV_1585	0	9	0	0	0	0	0	0	0	0
ASV_1586	0	9	0	0	0	0	0	0	0	0
ASV_1587	0	4	5	0	0	0	0	0	0	0
ASV_1588	0	0	9	0	0	0	0	0	0	0
ASV_1589	0	0	9	0	0	0	0	0	0	0
ASV_1590	0	0	9	0	0	0	0	0	0	0
ASV_1591	0	0	9	0	0	0	0	0	0	0
ASV_1592	0	0	9	0	0	0	0	0	0	0
ASV_1593	0	0	9	0	0	0	0	0	0	0
ASV_1594	0	0	9	0	0	0	0	0	0	0
ASV_1595	0	0	9	0	0	0	0	0	0	0
ASV_1596	0	0	0	9	0	0	0	0	0	0
ASV_1597	0	0	0	9	0	0	0	0	0	0
ASV_1598	0	0	0	0	9	0	0	0	0	0
ASV_1599	0	0	0	0	9	0	0	0	0	0
ASV_1600	0	0	0	0	9	0	0	0	0	0
ASV_1601	0	0	0	0	9	0	0	0	0	0
ASV_1602	0	0	0	0	9	0	0	0	0	0
ASV_1603	0	0	0	0	9	0	0	0	0	0
ASV_1604	0	0	0	0	9	0	0	0	0	0
ASV_1605	0	0	0	0	0	9	0	0	0	0
ASV_1606	0	0	0	0	0	0	9	0	0	0
ASV_1607	0	0	0	0	0	0	0	9	0	0
ASV_1608	0	0	0	0	0	0	0	9	0	0
ASV_1609	0	0	0	0	0	0	0	9	0	0
ASV_1610	0	0	0	0	0	0	0	9	0	0
ASV_1611	0	0	0	0	0	0	0	0	9	0
ASV_1612	0	0	0	0	0	0	0	0	9	0
ASV_1613	0	0	0	0	0	0	0	0	9	0
ASV_1614	0	0	0	0	0	0	0	0	9	0
ASV_1615	0	0	0	0	0	0	0	0	9	0
ASV_1616	0	0	0	0	0	0	0	0	9	0
ASV_1617	0	0	0	0	0	0	0	0	9	0
ASV_1618	0	0	0	0	0	0	0	0	0	9
ASV_1619	0	0	0	0	0	0	0	0	0	9
ASV_1620	0	0	0	0	0	0	0	0	0	9
ASV_1621	8	0	0	0	0	0	0	0	0	0
ASV_1622	8	0	0	0	0	0	0	0	0	0
ASV_1623	8	0	0	0	0	0	0	0	0	0
ASV_1624	8	0	0	0	0	0	0	0	0	0
ASV_1625	8	0	0	0	0	0	0	0	0	0
ASV_1626	8	0	0	0	0	0	0	0	0	0
ASV_1627	8	0	0	0	0	0	0	0	0	0
ASV_1628	8	0	0	0	0	0	0	0	0	0
ASV_1629	8	0	0	0	0	0	0	0	0	0
ASV_1630	8	0	0	0	0	0	0	0	0	0
ASV_1631	0	8	0	0	0	0	0	0	0	0
ASV_1632	0	8	0	0	0	0	0	0	0	0
ASV_1633	0	8	0	0	0	0	0	0	0	0
ASV_1634	0	8	0	0	0	0	0	0	0	0
ASV_1635	0	8	0	0	0	0	0	0	0	0
ASV_1636	0	8	0	0	0	0	0	0	0	0
ASV_1637	0	8	0	0	0	0	0	0	0	0
ASV_1638	0	8	0	0	0	0	0	0	0	0
ASV_1639	0	8	0	0	0	0	0	0	0	0
ASV_1640	0	8	0	0	0	0	0	0	0	0
ASV_1641	0	8	0	0	0	0	0	0	0	0
ASV_1642	0	8	0	0	0	0	0	0	0	0
ASV_1643	0	8	0	0	0	0	0	0	0	0
ASV_1644	0	8	0	0	0	0	0	0	0	0
ASV_1645	0	8	0	0	0	0	0	0	0	0
ASV_1646	0	0	8	0	0	0	0	0	0	0
ASV_1647	0	0	8	0	0	0	0	0	0	0
ASV_1648	0	0	8	0	0	0	0	0	0	0
ASV_1649	0	0	8	0	0	0	0	0	0	0
ASV_1650	0	0	8	0	0	0	0	0	0	0
ASV_1651	0	0	8	0	0	0	0	0	0	0
ASV_1652	0	0	8	0	0	0	0	0	0	0
ASV_1653	0	0	8	0	0	0	0	0	0	0
ASV_1654	0	0	8	0	0	0	0	0	0	0
ASV_1655	0	0	8	0	0	0	0	0	0	0
ASV_1656	0	0	8	0	0	0	0	0	0	0
ASV_1657	0	0	0	8	0	0	0	0	0	0
ASV_1658	0	0	0	8	0	0	0	0	0	0
ASV_1659	0	0	0	8	0	0	0	0	0	0
ASV_1660	0	0	0	8	0	0	0	0	0	0
ASV_1661	0	0	0	8	0	0	0	0	0	0
ASV_1662	0	0	0	8	0	0	0	0	0	0
ASV_1663	0	0	0	0	8	0	0	0	0	0
ASV_1664	0	0	0	0	8	0	0	0	0	0
ASV_1665	0	0	0	0	8	0	0	0	0	0
ASV_1666	0	0	0	0	8	0	0	0	0	0
ASV_1667	0	0	0	0	8	0	0	0	0	0
ASV_1668	0	0	0	0	0	0	8	0	0	0
ASV_1669	0	0	0	0	0	0	8	0	0	0
ASV_1670	0	0	0	0	0	0	8	0	0	0
ASV_1671	0	0	0	0	0	0	8	0	0	0
ASV_1672	0	0	0	0	0	0	0	8	0	0
ASV_1673	0	0	0	0	0	0	0	8	0	0
ASV_1674	0	0	0	0	0	0	0	8	0	0
ASV_1675	0	0	0	0	0	0	0	0	8	0
ASV_1676	0	0	0	0	0	0	0	0	8	0
ASV_1677	0	0	0	0	0	0	0	0	8	0
ASV_1678	0	0	0	0	0	0	0	0	8	0
ASV_1679	0	0	0	0	0	0	0	0	8	0
ASV_1680	0	0	0	0	0	0	0	0	8	0
ASV_1681	0	0	0	0	0	0	0	0	0	8
ASV_1682	0	0	0	0	0	0	0	0	0	8
ASV_1683	0	0	0	0	0	0	0	0	0	8
ASV_1684	0	0	0	0	0	0	0	0	0	8
ASV_1685	0	0	0	0	0	0	0	0	0	8
ASV_1686	7	0	0	0	0	0	0	0	0	0
ASV_1687	7	0	0	0	0	0	0	0	0	0
ASV_1688	7	0	0	0	0	0	0	0	0	0
ASV_1689	7	0	0	0	0	0	0	0	0	0
ASV_1690	7	0	0	0	0	0	0	0	0	0
ASV_1691	7	0	0	0	0	0	0	0	0	0
ASV_1692	0	7	0	0	0	0	0	0	0	0
ASV_1693	0	7	0	0	0	0	0	0	0	0
ASV_1694	0	7	0	0	0	0	0	0	0	0
ASV_1695	0	7	0	0	0	0	0	0	0	0
ASV_1696	0	7	0	0	0	0	0	0	0	0
ASV_1697	0	7	0	0	0	0	0	0	0	0
ASV_1698	0	7	0	0	0	0	0	0	0	0
ASV_1699	0	7	0	0	0	0	0	0	0	0
ASV_1700	0	7	0	0	0	0	0	0	0	0
ASV_1701	0	7	0	0	0	0	0	0	0	0
ASV_1702	0	0	7	0	0	0	0	0	0	0
ASV_1703	0	0	7	0	0	0	0	0	0	0
ASV_1704	0	0	7	0	0	0	0	0	0	0
ASV_1705	0	0	7	0	0	0	0	0	0	0
ASV_1706	0	0	7	0	0	0	0	0	0	0
ASV_1707	0	0	7	0	0	0	0	0	0	0
ASV_1708	0	0	7	0	0	0	0	0	0	0
ASV_1709	0	0	7	0	0	0	0	0	0	0
ASV_1710	0	0	0	7	0	0	0	0	0	0
ASV_1711	0	0	0	0	7	0	0	0	0	0
ASV_1712	0	0	0	0	7	0	0	0	0	0
ASV_1713	0	0	0	0	7	0	0	0	0	0
ASV_1714	0	0	0	0	0	0	7	0	0	0
ASV_1715	0	0	0	0	0	0	7	0	0	0
ASV_1716	0	0	0	0	0	0	7	0	0	0
ASV_1717	0	0	0	0	0	0	0	7	0	0
ASV_1718	0	0	0	0	0	0	0	7	0	0
ASV_1719	0	0	0	0	0	0	0	7	0	0
ASV_1720	0	0	0	0	0	0	0	7	0	0
ASV_1721	0	0	0	0	0	0	0	0	7	0
ASV_1722	0	0	0	0	0	0	0	0	7	0
ASV_1723	0	0	0	0	0	0	0	0	7	0
ASV_1724	0	0	0	0	0	0	0	0	7	0
ASV_1725	0	0	0	0	0	0	0	0	7	0
ASV_1726	0	0	0	0	0	0	0	0	0	7
ASV_1727	0	0	0	0	0	0	0	0	0	7
ASV_1728	0	0	0	0	0	0	0	0	0	7
ASV_1729	6	0	0	0	0	0	0	0	0	0
ASV_1730	6	0	0	0	0	0	0	0	0	0
ASV_1731	6	0	0	0	0	0	0	0	0	0
ASV_1732	6	0	0	0	0	0	0	0	0	0
ASV_1733	6	0	0	0	0	0	0	0	0	0
ASV_1734	6	0	0	0	0	0	0	0	0	0
ASV_1735	6	0	0	0	0	0	0	0	0	0
ASV_1736	6	0	0	0	0	0	0	0	0	0
ASV_1737	6	0	0	0	0	0	0	0	0	0
ASV_1738	0	6	0	0	0	0	0	0	0	0
ASV_1739	0	6	0	0	0	0	0	0	0	0
ASV_1740	0	6	0	0	0	0	0	0	0	0
ASV_1741	0	6	0	0	0	0	0	0	0	0
ASV_1742	0	6	0	0	0	0	0	0	0	0
ASV_1743	0	6	0	0	0	0	0	0	0	0
ASV_1744	0	6	0	0	0	0	0	0	0	0
ASV_1745	0	6	0	0	0	0	0	0	0	0
ASV_1746	0	6	0	0	0	0	0	0	0	0
ASV_1747	0	6	0	0	0	0	0	0	0	0
ASV_1748	0	6	0	0	0	0	0	0	0	0
ASV_1749	0	6	0	0	0	0	0	0	0	0
ASV_1750	0	6	0	0	0	0	0	0	0	0
ASV_1751	0	0	6	0	0	0	0	0	0	0
ASV_1752	0	0	6	0	0	0	0	0	0	0
ASV_1753	0	0	6	0	0	0	0	0	0	0
ASV_1754	0	0	6	0	0	0	0	0	0	0
ASV_1755	0	0	6	0	0	0	0	0	0	0
ASV_1756	0	0	6	0	0	0	0	0	0	0
ASV_1757	0	0	6	0	0	0	0	0	0	0
ASV_1758	0	0	6	0	0	0	0	0	0	0
ASV_1759	0	0	6	0	0	0	0	0	0	0
ASV_1760	0	0	6	0	0	0	0	0	0	0
ASV_1761	0	0	0	6	0	0	0	0	0	0
ASV_1762	0	0	0	6	0	0	0	0	0	0
ASV_1763	0	0	0	6	0	0	0	0	0	0
ASV_1764	0	0	0	0	6	0	0	0	0	0
ASV_1765	0	0	0	0	6	0	0	0	0	0
ASV_1766	0	0	0	0	6	0	0	0	0	0
ASV_1767	0	0	0	0	6	0	0	0	0	0
ASV_1768	0	0	0	0	6	0	0	0	0	0
ASV_1769	0	0	0	0	6	0	0	0	0	0
ASV_1770	0	0	0	0	6	0	0	0	0	0
ASV_1771	0	0	0	0	0	6	0	0	0	0
ASV_1772	0	0	0	0	0	0	6	0	0	0
ASV_1773	0	0	0	0	0	0	0	6	0	0
ASV_1774	0	0	0	0	0	0	0	6	0	0
ASV_1775	0	0	0	0	0	0	0	6	0	0
ASV_1776	0	0	0	0	0	0	0	0	6	0
ASV_1777	0	0	0	0	0	0	0	0	6	0
ASV_1778	0	0	0	0	0	0	0	0	6	0
ASV_1779	0	0	0	0	0	0	0	0	0	6
ASV_1780	0	0	0	0	0	0	0	0	0	6
ASV_1781	0	0	0	0	0	0	0	0	0	6
ASV_1782	0	0	0	0	0	0	0	0	0	6
ASV_1783	0	0	0	0	0	0	0	0	0	6
ASV_1784	0	0	0	0	0	0	0	0	0	6
ASV_1785	0	0	0	0	0	0	0	0	0	6
ASV_1786	0	0	0	0	0	0	0	0	0	6
ASV_1787	5	0	0	0	0	0	0	0	0	0
ASV_1788	5	0	0	0	0	0	0	0	0	0
ASV_1789	5	0	0	0	0	0	0	0	0	0
ASV_1790	5	0	0	0	0	0	0	0	0	0
ASV_1791	5	0	0	0	0	0	0	0	0	0
ASV_1792	5	0	0	0	0	0	0	0	0	0
ASV_1793	5	0	0	0	0	0	0	0	0	0
ASV_1794	5	0	0	0	0	0	0	0	0	0
ASV_1795	5	0	0	0	0	0	0	0	0	0
ASV_1796	5	0	0	0	0	0	0	0	0	0
ASV_1797	5	0	0	0	0	0	0	0	0	0
ASV_1798	5	0	0	0	0	0	0	0	0	0
ASV_1799	5	0	0	0	0	0	0	0	0	0
ASV_1800	5	0	0	0	0	0	0	0	0	0
ASV_1801	5	0	0	0	0	0	0	0	0	0
ASV_1802	0	5	0	0	0	0	0	0	0	0
ASV_1803	0	5	0	0	0	0	0	0	0	0
ASV_1804	0	5	0	0	0	0	0	0	0	0
ASV_1805	0	5	0	0	0	0	0	0	0	0
ASV_1806	0	5	0	0	0	0	0	0	0	0
ASV_1807	0	5	0	0	0	0	0	0	0	0
ASV_1808	0	5	0	0	0	0	0	0	0	0
ASV_1809	0	5	0	0	0	0	0	0	0	0
ASV_1810	0	5	0	0	0	0	0	0	0	0
ASV_1811	0	5	0	0	0	0	0	0	0	0
ASV_1812	0	5	0	0	0	0	0	0	0	0
ASV_1813	0	5	0	0	0	0	0	0	0	0
ASV_1814	0	5	0	0	0	0	0	0	0	0
ASV_1815	0	5	0	0	0	0	0	0	0	0
ASV_1816	0	5	0	0	0	0	0	0	0	0
ASV_1817	0	5	0	0	0	0	0	0	0	0
ASV_1818	0	5	0	0	0	0	0	0	0	0
ASV_1819	0	5	0	0	0	0	0	0	0	0
ASV_1820	0	5	0	0	0	0	0	0	0	0
ASV_1821	0	5	0	0	0	0	0	0	0	0
ASV_1822	0	5	0	0	0	0	0	0	0	0
ASV_1823	0	5	0	0	0	0	0	0	0	0
ASV_1824	0	0	5	0	0	0	0	0	0	0
ASV_1825	0	0	5	0	0	0	0	0	0	0
ASV_1826	0	0	5	0	0	0	0	0	0	0
ASV_1827	0	0	5	0	0	0	0	0	0	0
ASV_1828	0	0	5	0	0	0	0	0	0	0
ASV_1829	0	0	5	0	0	0	0	0	0	0
ASV_1830	0	0	5	0	0	0	0	0	0	0
ASV_1831	0	0	5	0	0	0	0	0	0	0
ASV_1832	0	0	5	0	0	0	0	0	0	0
ASV_1833	0	0	5	0	0	0	0	0	0	0
ASV_1834	0	0	5	0	0	0	0	0	0	0
ASV_1835	0	0	5	0	0	0	0	0	0	0
ASV_1836	0	0	5	0	0	0	0	0	0	0
ASV_1837	0	0	5	0	0	0	0	0	0	0
ASV_1838	0	0	0	5	0	0	0	0	0	0
ASV_1839	0	0	0	0	5	0	0	0	0	0
ASV_1840	0	0	0	0	5	0	0	0	0	0
ASV_1841	0	0	0	0	5	0	0	0	0	0
ASV_1842	0	0	0	0	5	0	0	0	0	0
ASV_1843	0	0	0	0	5	0	0	0	0	0
ASV_1844	0	0	0	0	5	0	0	0	0	0
ASV_1845	0	0	0	0	5	0	0	0	0	0
ASV_1846	0	0	0	0	0	0	0	5	0	0
ASV_1847	0	0	0	0	0	0	0	5	0	0
ASV_1848	0	0	0	0	0	0	0	5	0	0
ASV_1849	0	0	0	0	0	0	0	0	5	0
ASV_1850	0	0	0	0	0	0	0	0	5	0
ASV_1851	0	0	0	0	0	0	0	0	5	0
ASV_1852	0	0	0	0	0	0	0	0	0	5
ASV_1853	0	0	0	0	0	0	0	0	0	5
ASV_1854	0	0	0	0	0	0	0	0	0	5
ASV_1855	0	0	0	0	0	0	0	0	0	5
ASV_1856	0	0	0	0	0	0	0	0	0	5
ASV_1857	0	0	0	0	0	0	0	0	0	5
ASV_1858	4	0	0	0	0	0	0	0	0	0
ASV_1859	4	0	0	0	0	0	0	0	0	0
ASV_1860	4	0	0	0	0	0	0	0	0	0
ASV_1861	4	0	0	0	0	0	0	0	0	0
ASV_1862	4	0	0	0	0	0	0	0	0	0
ASV_1863	4	0	0	0	0	0	0	0	0	0
ASV_1864	4	0	0	0	0	0	0	0	0	0
ASV_1865	4	0	0	0	0	0	0	0	0	0
ASV_1866	4	0	0	0	0	0	0	0	0	0
ASV_1867	4	0	0	0	0	0	0	0	0	0
ASV_1868	4	0	0	0	0	0	0	0	0	0
ASV_1869	4	0	0	0	0	0	0	0	0	0
ASV_1870	4	0	0	0	0	0	0	0	0	0
ASV_1871	0	4	0	0	0	0	0	0	0	0
ASV_1872	0	4	0	0	0	0	0	0	0	0
ASV_1873	0	4	0	0	0	0	0	0	0	0
ASV_1874	0	4	0	0	0	0	0	0	0	0
ASV_1875	0	4	0	0	0	0	0	0	0	0
ASV_1876	0	4	0	0	0	0	0	0	0	0
ASV_1877	0	4	0	0	0	0	0	0	0	0
ASV_1878	0	4	0	0	0	0	0	0	0	0
ASV_1879	0	4	0	0	0	0	0	0	0	0
ASV_1880	0	4	0	0	0	0	0	0	0	0
ASV_1881	0	4	0	0	0	0	0	0	0	0
ASV_1882	0	4	0	0	0	0	0	0	0	0
ASV_1883	0	0	4	0	0	0	0	0	0	0
ASV_1884	0	0	4	0	0	0	0	0	0	0
ASV_1885	0	0	4	0	0	0	0	0	0	0
ASV_1886	0	0	4	0	0	0	0	0	0	0
ASV_1887	0	0	4	0	0	0	0	0	0	0
ASV_1888	0	0	4	0	0	0	0	0	0	0
ASV_1889	0	0	4	0	0	0	0	0	0	0
ASV_1890	0	0	4	0	0	0	0	0	0	0
ASV_1891	0	0	4	0	0	0	0	0	0	0
ASV_1892	0	0	0	0	4	0	0	0	0	0
ASV_1893	0	0	0	0	4	0	0	0	0	0
ASV_1894	0	0	0	0	4	0	0	0	0	0
ASV_1895	0	0	0	0	4	0	0	0	0	0
ASV_1896	0	0	0	0	4	0	0	0	0	0
ASV_1897	0	0	0	0	4	0	0	0	0	0
ASV_1898	0	0	0	0	4	0	0	0	0	0
ASV_1899	0	0	0	0	4	0	0	0	0	0
ASV_1900	0	0	0	0	0	0	4	0	0	0
ASV_1901	0	0	0	0	0	0	4	0	0	0
ASV_1902	0	0	0	0	0	0	4	0	0	0
ASV_1903	0	0	0	0	0	0	4	0	0	0
ASV_1904	0	0	0	0	0	0	4	0	0	0
ASV_1905	0	0	0	0	0	0	0	4	0	0
ASV_1906	0	0	0	0	0	0	0	4	0	0
ASV_1907	0	0	0	0	0	0	0	0	4	0
ASV_1908	0	0	0	0	0	0	0	0	4	0
ASV_1909	0	0	0	0	0	0	0	0	4	0
ASV_1910	0	0	0	0	0	0	0	0	0	4
ASV_1911	0	0	0	0	0	0	0	0	0	4
ASV_1912	0	0	0	0	0	0	0	0	0	4
ASV_1913	0	0	0	0	0	0	0	0	0	4
ASV_1914	0	0	0	0	0	0	0	0	0	4
ASV_1915	0	0	0	0	0	0	0	0	0	4
ASV_1916	3	0	0	0	0	0	0	0	0	0
ASV_1917	3	0	0	0	0	0	0	0	0	0
ASV_1918	3	0	0	0	0	0	0	0	0	0
ASV_1919	3	0	0	0	0	0	0	0	0	0
ASV_1920	3	0	0	0	0	0	0	0	0	0
ASV_1921	3	0	0	0	0	0	0	0	0	0
ASV_1922	3	0	0	0	0	0	0	0	0	0
ASV_1923	3	0	0	0	0	0	0	0	0	0
ASV_1924	3	0	0	0	0	0	0	0	0	0
ASV_1925	3	0	0	0	0	0	0	0	0	0
ASV_1926	3	0	0	0	0	0	0	0	0	0
ASV_1927	3	0	0	0	0	0	0	0	0	0
ASV_1928	3	0	0	0	0	0	0	0	0	0
ASV_1929	3	0	0	0	0	0	0	0	0	0
ASV_1930	3	0	0	0	0	0	0	0	0	0
ASV_1931	3	0	0	0	0	0	0	0	0	0
ASV_1932	3	0	0	0	0	0	0	0	0	0
ASV_1933	3	0	0	0	0	0	0	0	0	0
ASV_1934	0	3	0	0	0	0	0	0	0	0
ASV_1935	0	3	0	0	0	0	0	0	0	0
ASV_1936	0	3	0	0	0	0	0	0	0	0
ASV_1937	0	3	0	0	0	0	0	0	0	0
ASV_1938	0	3	0	0	0	0	0	0	0	0
ASV_1939	0	3	0	0	0	0	0	0	0	0
ASV_1940	0	3	0	0	0	0	0	0	0	0
ASV_1941	0	3	0	0	0	0	0	0	0	0
ASV_1942	0	3	0	0	0	0	0	0	0	0
ASV_1943	0	3	0	0	0	0	0	0	0	0
ASV_1944	0	0	3	0	0	0	0	0	0	0
ASV_1945	0	0	3	0	0	0	0	0	0	0
ASV_1946	0	0	3	0	0	0	0	0	0	0
ASV_1947	0	0	3	0	0	0	0	0	0	0
ASV_1948	0	0	3	0	0	0	0	0	0	0
ASV_1949	0	0	3	0	0	0	0	0	0	0
ASV_1950	0	0	3	0	0	0	0	0	0	0
ASV_1951	0	0	3	0	0	0	0	0	0	0
ASV_1952	0	0	0	0	3	0	0	0	0	0
ASV_1953	0	0	0	0	0	0	3	0	0	0
ASV_1954	0	0	0	0	0	0	0	3	0	0
ASV_1955	0	0	0	0	0	0	0	3	0	0
ASV_1956	0	0	0	0	0	0	0	0	3	0
ASV_1957	0	0	0	0	0	0	0	0	3	0
ASV_1958	0	0	0	0	0	0	0	0	3	0
ASV_1959	0	0	0	0	0	0	0	0	3	0
ASV_1960	0	0	0	0	0	0	0	0	3	0
ASV_1961	0	0	0	0	0	0	0	0	0	3
ASV_1962	0	0	0	0	0	0	0	0	0	3
ASV_1963	0	0	0	0	0	0	0	0	0	3
ASV_1964	0	0	0	0	0	0	0	0	0	3
ASV_1965	2	0	0	0	0	0	0	0	0	0
ASV_1966	2	0	0	0	0	0	0	0	0	0
ASV_1967	2	0	0	0	0	0	0	0	0	0
ASV_1968	2	0	0	0	0	0	0	0	0	0
ASV_1969	2	0	0	0	0	0	0	0	0	0
ASV_1970	2	0	0	0	0	0	0	0	0	0
ASV_1971	2	0	0	0	0	0	0	0	0	0
ASV_1972	2	0	0	0	0	0	0	0	0	0
ASV_1973	2	0	0	0	0	0	0	0	0	0
ASV_1974	2	0	0	0	0	0	0	0	0	0
ASV_1975	2	0	0	0	0	0	0	0	0	0
ASV_1976	2	0	0	0	0	0	0	0	0	0
ASV_1977	2	0	0	0	0	0	0	0	0	0
ASV_1978	2	0	0	0	0	0	0	0	0	0
ASV_1979	2	0	0	0	0	0	0	0	0	0
ASV_1980	2	0	0	0	0	0	0	0	0	0
ASV_1981	2	0	0	0	0	0	0	0	0	0
ASV_1982	2	0	0	0	0	0	0	0	0	0
ASV_1983	2	0	0	0	0	0	0	0	0	0
ASV_1984	2	0	0	0	0	0	0	0	0	0
ASV_1985	2	0	0	0	0	0	0	0	0	0
ASV_1986	2	0	0	0	0	0	0	0	0	0
ASV_1987	2	0	0	0	0	0	0	0	0	0
ASV_1988	2	0	0	0	0	0	0	0	0	0
ASV_1989	2	0	0	0	0	0	0	0	0	0
ASV_1990	2	0	0	0	0	0	0	0	0	0
ASV_1991	2	0	0	0	0	0	0	0	0	0
ASV_1992	2	0	0	0	0	0	0	0	0	0
ASV_1993	2	0	0	0	0	0	0	0	0	0
ASV_1994	2	0	0	0	0	0	0	0	0	0
ASV_1995	2	0	0	0	0	0	0	0	0	0
ASV_1996	2	0	0	0	0	0	0	0	0	0
ASV_1997	2	0	0	0	0	0	0	0	0	0
ASV_1998	2	0	0	0	0	0	0	0	0	0
ASV_1999	1	0	1	0	0	0	0	0	0	0
ASV_2000	0	2	0	0	0	0	0	0	0	0
ASV_2001	0	2	0	0	0	0	0	0	0	0
ASV_2002	0	2	0	0	0	0	0	0	0	0
ASV_2003	0	2	0	0	0	0	0	0	0	0
ASV_2004	0	2	0	0	0	0	0	0	0	0
ASV_2005	0	2	0	0	0	0	0	0	0	0
ASV_2006	0	2	0	0	0	0	0	0	0	0
ASV_2007	0	2	0	0	0	0	0	0	0	0
ASV_2008	0	2	0	0	0	0	0	0	0	0
ASV_2009	0	2	0	0	0	0	0	0	0	0
ASV_2010	0	2	0	0	0	0	0	0	0	0
ASV_2011	0	2	0	0	0	0	0	0	0	0
ASV_2012	0	2	0	0	0	0	0	0	0	0
ASV_2013	0	2	0	0	0	0	0	0	0	0
ASV_2014	0	2	0	0	0	0	0	0	0	0
ASV_2015	0	2	0	0	0	0	0	0	0	0
ASV_2016	0	2	0	0	0	0	0	0	0	0
ASV_2017	0	2	0	0	0	0	0	0	0	0
ASV_2018	0	2	0	0	0	0	0	0	0	0
ASV_2019	0	2	0	0	0	0	0	0	0	0
ASV_2020	0	2	0	0	0	0	0	0	0	0
ASV_2021	0	2	0	0	0	0	0	0	0	0
ASV_2022	0	2	0	0	0	0	0	0	0	0
ASV_2023	0	2	0	0	0	0	0	0	0	0
ASV_2024	0	2	0	0	0	0	0	0	0	0
ASV_2025	0	2	0	0	0	0	0	0	0	0
ASV_2026	0	2	0	0	0	0	0	0	0	0
ASV_2027	0	2	0	0	0	0	0	0	0	0
ASV_2028	0	2	0	0	0	0	0	0	0	0
ASV_2029	0	2	0	0	0	0	0	0	0	0
ASV_2030	0	0	2	0	0	0	0	0	0	0
ASV_2031	0	0	2	0	0	0	0	0	0	0
ASV_2032	0	0	2	0	0	0	0	0	0	0
ASV_2033	0	0	2	0	0	0	0	0	0	0
ASV_2034	0	0	2	0	0	0	0	0	0	0
ASV_2035	0	0	2	0	0	0	0	0	0	0
ASV_2036	0	0	2	0	0	0	0	0	0	0
ASV_2037	0	0	2	0	0	0	0	0	0	0
ASV_2038	0	0	2	0	0	0	0	0	0	0
ASV_2039	0	0	2	0	0	0	0	0	0	0
ASV_2040	0	0	2	0	0	0	0	0	0	0
ASV_2041	0	0	2	0	0	0	0	0	0	0
ASV_2042	0	0	2	0	0	0	0	0	0	0
ASV_2043	0	0	2	0	0	0	0	0	0	0
ASV_2044	0	0	2	0	0	0	0	0	0	0
ASV_2045	0	0	2	0	0	0	0	0	0	0
ASV_2046	0	0	2	0	0	0	0	0	0	0
ASV_2047	0	0	2	0	0	0	0	0	0	0
ASV_2048	0	0	2	0	0	0	0	0	0	0
ASV_2049	0	0	2	0	0	0	0	0	0	0
ASV_2050	0	0	2	0	0	0	0	0	0	0
ASV_2051	0	0	2	0	0	0	0	0	0	0
ASV_2052	0	0	2	0	0	0	0	0	0	0
ASV_2053	0	0	0	0	0	0	2	0	0	0
ASV_2054	0	0	0	0	0	0	2	0	0	0
ASV_2055	0	0	0	0	0	0	0	2	0	0
ASV_2056	0	0	0	0	0	0	0	2	0	0
ASV_2057	0	0	0	0	0	0	0	2	0	0
ASV_2058	0	0	0	0	0	0	0	0	2	0
ASV_2059	0	0	0	0	0	0	0	0	2	0
ASV_2060	0	0	0	0	0	0	0	0	2	0
ASV_2061	0	0	0	0	0	0	0	0	2	0
ASV_2062	0	0	0	0	0	0	0	0	2	0
ASV_2063	0	0	0	0	0	0	0	0	2	0
ASV_2064	0	0	0	0	0	0	0	0	2	0
ASV_2065	0	0	0	0	0	0	0	0	2	0
ASV_2066	0	0	0	0	0	0	0	0	2	0
ASV_2067	0	0	0	0	0	0	0	0	2	0
ASV_2068	0	0	0	0	0	0	0	0	2	0
ASV_2069	0	0	0	0	0	0	0	0	2	0
ASV_2070	0	0	0	0	0	0	0	0	2	0
ASV_2071	0	0	0	0	0	0	0	0	0	2
ASV_2072	1	0	0	0	0	0	0	0	0	0
ASV_2073	1	0	0	0	0	0	0	0	0	0
ASV_2074	1	0	0	0	0	0	0	0	0	0
ASV_2075	1	0	0	0	0	0	0	0	0	0
ASV_2076	1	0	0	0	0	0	0	0	0	0
ASV_2077	1	0	0	0	0	0	0	0	0	0
ASV_2078	1	0	0	0	0	0	0	0	0	0
ASV_2079	1	0	0	0	0	0	0	0	0	0
ASV_2080	1	0	0	0	0	0	0	0	0	0
ASV_2081	1	0	0	0	0	0	0	0	0	0
ASV_2082	1	0	0	0	0	0	0	0	0	0
ASV_2083	1	0	0	0	0	0	0	0	0	0
ASV_2084	0	1	0	0	0	0	0	0	0	0
ASV_2085	0	1	0	0	0	0	0	0	0	0
ASV_2086	0	1	0	0	0	0	0	0	0	0
ASV_2087	0	1	0	0	0	0	0	0	0	0
ASV_2088	0	1	0	0	0	0	0	0	0	0
ASV_2089	0	1	0	0	0	0	0	0	0	0
ASV_2090	0	1	0	0	0	0	0	0	0	0
ASV_2091	0	1	0	0	0	0	0	0	0	0
ASV_2092	0	1	0	0	0	0	0	0	0	0
ASV_2093	0	1	0	0	0	0	0	0	0	0
ASV_2094	0	1	0	0	0	0	0	0	0	0
ASV_2095	0	1	0	0	0	0	0	0	0	0
ASV_2096	0	1	0	0	0	0	0	0	0	0
ASV_2097	0	1	0	0	0	0	0	0	0	0
ASV_2098	0	1	0	0	0	0	0	0	0	0
ASV_2099	0	1	0	0	0	0	0	0	0	0
ASV_2100	0	1	0	0	0	0	0	0	0	0
ASV_2101	0	1	0	0	0	0	0	0	0	0
ASV_2102	0	1	0	0	0	0	0	0	0	0
ASV_2103	0	1	0	0	0	0	0	0	0	0
ASV_2104	0	1	0	0	0	0	0	0	0	0
ASV_2105	0	1	0	0	0	0	0	0	0	0
ASV_2106	0	1	0	0	0	0	0	0	0	0
ASV_2107	0	0	1	0	0	0	0	0	0	0
ASV_2108	0	0	1	0	0	0	0	0	0	0
ASV_2109	0	0	1	0	0	0	0	0	0	0
ASV_2110	0	0	1	0	0	0	0	0	0	0
ASV_2111	0	0	1	0	0	0	0	0	0	0
ASV_2112	0	0	1	0	0	0	0	0	0	0
ASV_2113	0	0	1	0	0	0	0	0	0	0
ASV_2114	0	0	1	0	0	0	0	0	0	0
ASV_2115	0	0	1	0	0	0	0	0	0	0
ASV_2116	0	0	1	0	0	0	0	0	0	0
ASV_2117	0	0	1	0	0	0	0	0	0	0
ASV_2118	0	0	1	0	0	0	0	0	0	0
ASV_2119	0	0	1	0	0	0	0	0	0	0
ASV_2120	0	0	1	0	0	0	0	0	0	0
ASV_2121	0	0	0	0	0	0	1	0	0	0
ASV_2122	0	0	0	0	0	0	1	0	0	0
ASV_2123	0	0	0	0	0	0	0	0	1	0
ASV_2124	0	0	0	0	0	0	0	0	1	0
ASV_2125	0	0	0	0	0	0	0	0	1	0
ASV_2126	0	0	0	0	0	0	0	0	1	0
ASV_2127	0	0	0	0	0	0	0	0	1	0
ASV_2128	0	0	0	0	0	0	0	0	1	0
ASV_2129	0	0	0	0	0	0	0	0	1	0
ASV_2130	0	0	0	0	0	0	0	0	1	0
ASV_2131	0	0	0	0	0	0	0	0	1	0
ASV_2132	0	0	0	0	0	0	0	0	1	0
ASV_2133	0	0	0	0	0	0	0	0	1	0
ASV_2134	0	0	0	0	0	0	0	0	1	0
ASV_2135	0	0	0	0	0	0	0	0	1	0
ASV_2136	0	0	0	0	0	0	0	0	1	0
ASV_2137	0	0	0	0	0	0	0	0	1	0
ASV_2138	0	0	0	0	0	0	0	0	1	0
ASV_2139	0	0	0	0	0	0	0	0	1	0
ASV_2140	0	0	0	0	0	0	0	0	0	1
ASV_2141	0	0	0	0	0	0	0	0	0	1
ASV_2142	0	0	0	0	0	0	0	0	0	1
ASV_2143	0	0	0	0	0	0	0	0	0	1
ASV_2144	0	0	0	0	0	0	0	0	0	1
ASV_2145	0	0	0	0	0	0	0	0	0	1
